,ImageId,CellId,Cell_CCR4Sm149Di_Sm149,Cell_CD15Dy164Di_Dy164,Cell_CD16Nd146Di_Nd146,Cell_CD206Tm169Di_Tm169,Cell_CD20Sm147Di_Sm147,Cell_CD30Ho165Di_Ho165,Cell_CD31Nd144Di_Nd144,Cell_CD34Sm152Di_Sm152,Cell_CD3Er170Di_Er170,Cell_CD45RAGd155Di_Gd155,Cell_CD45ROYb173Di_Yb173,Cell_CD4Gd156Di_Gd156,Cell_CD68Tb159Di_Tb159,Cell_CD8Dy162Di_Dy162,Cell_CXCR3Nd142Di_Nd142,Cell_CXCR5Yb171Di_Yb171,Cell_DNA2Ir191Di_Ir191,Cell_DNAIr193Di_Ir193,Cell_EphrinB2Er166Di_Er166,Cell_FOXP3Dy163Di_Dy163,Cell_GranzymBEr167Di_Er167,Cell_HLADRYb174Di_Yb174,Cell_Histone3Gd160Di_Gd160,Cell_ICOSNd148Di_Nd148,Cell_Ki67Er168Di_Er168,Cell_Lag3Eu153Di_Eu153,Cell_MembraneIn115Di_In115,Cell_PD1NAT105Lu175Di_Lu175,Cell_PDL1Nd150Di_Nd150,Cell_PDL2Yb172Di_Yb172,Cell_TbetNd145Di_Nd145,Cell_Tim3Sm154Di_Sm154,Cell_VimentinNd143Di_Nd143,Cell_pStat3Gd158Di_Gd158,Area,Eccentricity,Solidity,Extent,EulerNumber,Perimeter,MajorAxisLength,MinorAxisLength,Orientation,X_position,Y_position,Percent_Touching,Number_Neighbors,neighbour_4_CellId1,neighbour_4_CellId2,neighbour_4_CellId3,neighbour_4_CellId4,neighbour_4_CellId5,neighbour_4_CellId6,neighbour_4_CellId7,neighbour_4_CellId8,neighbour_4_CellId9,neighbour_4_CellId10,tSNE8718383312_1,tSNE8718383312_2,Phenograph5341189162,Phenograph8498759920
1,274864,1,0.952380952,0.238095238,0.380952381,1.666666667,4.80952381,0.333333333,0.142857143,0.333333333,0.761904762,20.33333333,3.476190476,3.571428571,27.66666667,0.904761905,10.33333333,0.047619048,30.76190476,52.95238095,0.142857143,0.523809524,4.047619048,0.428571429,268.6190476,1,0.285714286,0.238095238,10.76190476,0.047619048,0.571428571,0.857142857,0.285714286,1.095238095,2.476190476,2,21,0.695657281,0.954545455,0.84,1,13.844,6.24083736,4.483254186,-52.01812173,508,3,0.5625,2,36,168,0,0,0,0,0,0,0,0,0,0,0,10
2,274864,2,0.791666667,0.25,0.208333333,1.333333333,4.291666667,0.083333333,0.25,0.166666667,0.708333333,14,1.291666667,1.333333333,1.75,0.416666667,6.958333333,0.083333333,30.16666667,46.08333333,0.666666667,0.333333333,3.125,0.333333333,167.375,0.791666667,0.333333333,0.083333333,4.5,0.041666667,0.208333333,0.666666667,0.083333333,1.041666667,3.208333333,0.958333333,24,0.803462224,0.923076923,0.666666667,1,16.565,7.468819446,4.446604507,44.29278839,672.1666667,3,0.263157895,1,144,0,0,0,0,0,0,0,0,0,0,0,0,1
3,274864,3,1.533333333,0.6,0.466666667,1.6,2.066666667,0.133333333,0,0.333333333,2.333333333,9.533333333,5.466666667,6.866666667,3.333333333,0.733333333,10.13333333,0.133333333,35.86666667,59.73333333,0.6,0.466666667,4.466666667,0.4,189.6666667,2.6,0.333333333,0.133333333,10.73333333,0.133333333,0.866666667,1.066666667,0.333333333,0.8,0.733333333,1.6,15,0.90141742,1,0.714285714,1,12.918,6.91943949,2.995778776,10.60898479,154.2,4.2,0,0,0,0,0,0,0,0,0,0,0,0,0,0,0,4
4,274864,4,0.857142857,0.142857143,0.142857143,2.857142857,1.857142857,0.142857143,0,0.571428571,1.285714286,8.714285714,7.714285714,5.857142857,1.428571429,1.428571429,6,0.285714286,29.57142857,49.57142857,0.142857143,0.428571429,2.285714286,0.428571429,232.2857143,0.571428571,0,0.285714286,9.428571429,0,1.714285714,1.285714286,0.571428571,0.428571429,1,2.428571429,7,0.871771729,0.875,0.583333333,1,7.683,4.651537028,2.278845158,-41.57861329,538.5714286,4.857142857,0.571428571,2,67,92,0,0,0,0,0,0,0,0,0,0,0,4
5,274864,5,1.055555556,0.222222222,0.222222222,0.833333333,6.666666667,0.055555556,0.166666667,0.277777778,0.5,27.83333333,4.555555556,1.611111111,2.222222222,0.388888889,11.83333333,0.166666667,25.72222222,37.44444444,0.277777778,0.222222222,3.166666667,0.388888889,142.2222222,1.611111111,0.388888889,0,6.722222222,0.055555556,0.444444444,1.055555556,0.222222222,0.333333333,3.166666667,0.944444444,18,0.9593719,0.75,0.321428571,1,19.766,10.22793626,2.885756653,-48.40212978,913.2777778,3.444444444,0.555555556,3,13,97,249,0,0,0,0,0,0,0,0,0,0,1
6,274864,6,2.4,0.6,0,2.2,1.8,0.6,0.4,0.2,1,16.2,2.4,3.8,2,0.4,11.6,0.2,61.4,104.4,0.2,0.6,3,0.6,100,2.2,0,0.6,11.6,0,0.4,1.4,0.2,1.8,3.8,1.6,5,0.743786467,1,0.555555556,1,5.814,3.529849687,2.359412608,55.90070474,1200,4.2,0.4,1,135,0,0,0,0,0,0,0,0,0,0,0,0,6
7,274864,7,1.326086957,0.391304348,0.369565217,1.913043478,6.52173913,0.065217391,0.108695652,0.5,0.804347826,32.34782609,2.673913043,1.717391304,3.326086957,0.5,14.76086957,0.239130435,27.41304348,47.63043478,1.239130435,0.347826087,3.586956522,0.456521739,133.4565217,0.956521739,0.239130435,0.108695652,7.608695652,0.02173913,0.695652174,1.086956522,0.195652174,1.326086957,2.086956522,1.260869565,46,0.579078447,0.978723404,0.821428571,1,22.263,8.725632627,7.113762457,-25.71647308,1647.804348,3.52173913,0.230769231,2,103,212,0,0,0,0,0,0,0,0,0,0,0,1
8,274864,8,1.666666667,1,0.333333333,1,2.333333333,0,0.333333333,0,4.333333333,6.333333333,7,6.333333333,3.666666667,0.666666667,9,0,38.33333333,72,0,0.666666667,2.333333333,0.333333333,227.3333333,2,0.333333333,0,8.333333333,0.333333333,1,1,0,1,1,2.333333333,3,0.730296743,1,0.75,1,3.093,2.581988897,1.763834207,45,168.6666667,4.666666667,0,0,0,0,0,0,0,0,0,0,0,0,0,0,0,4
9,274864,9,1,0.388888889,0.277777778,1.611111111,2.5,0.055555556,0.111111111,0.277777778,1.111111111,10.94444444,3.277777778,3.666666667,1.5,0.5,5.5,0.111111111,15.88888889,26.83333333,0.388888889,0.166666667,2.777777778,0.222222222,120.7222222,2.055555556,0.555555556,0.055555556,4.055555556,0,0.555555556,0.388888889,0.166666667,0.555555556,0.722222222,1.722222222,18,0.81652189,0.947368421,0.75,1,13.381,6.506507943,3.756301217,3.618461013,271.3333333,4.833333333,0.666666667,3,10,27,150,0,0,0,0,0,0,0,0,0,0,9
10,274864,10,1.08,0.28,0.2,2,3.6,0.2,0.44,0.12,2.2,12.84,7.56,5.76,2.8,0.6,10.28,0.16,39.48,73.68,0.68,1.36,4.44,0.64,199.92,2.48,0.32,0.08,6.84,0,0.64,0.8,0.2,0.6,6.8,1.96,25,0.871845127,0.833333333,0.595238095,1,18.343,8.721651435,4.271704918,46.3703953,279.32,3.64,0.454545455,2,9,107,0,0,0,0,0,0,0,0,0,0,0,12
11,274864,11,0.625,0.4375,0.1875,1,1.6875,0.1875,0.4375,0.25,1.0625,9.0625,3.9375,3.6875,2.3125,0.8125,10.1875,0.1875,23.1875,38.125,0.5625,0.25,3.25,0.5,143.1875,0.8125,0.25,0.1875,7.375,0,0.625,0.6875,0.375,0.9375,3.9375,1.1875,16,0.833931697,0.842105263,0.533333333,1,13.778,6.583436018,3.633185498,48.81302346,367.0625,3.9375,0.333333333,1,152,0,0,0,0,0,0,0,0,0,0,0,0,4
12,274864,12,0.829268293,0.390243902,0.219512195,1.853658537,9.195121951,0.170731707,0.146341463,0.268292683,1.292682927,29.19512195,7.268292683,3.317073171,2.073170732,0.829268293,10.53658537,0.292682927,49,81.12195122,0.365853659,0.390243902,4.292682927,0.585365854,216.0731707,1.414634146,0.317073171,0.243902439,7.682926829,0.073170732,0.585365854,1.048780488,0.341463415,0.56097561,2.073170732,2.024390244,41,0.782002446,0.891304348,0.759259259,1,22.999,9.534151214,5.942401528,6.289942417,631.1707317,3.073170732,0.68,2,82,94,0,0,0,0,0,0,0,0,0,0,0,2
13,274864,13,0.925925926,0.444444444,0.333333333,1.851851852,4.888888889,0.074074074,0.296296296,0.259259259,0.333333333,30.33333333,1.851851852,2.074074074,2.555555556,0.777777778,11.74074074,0.333333333,39.96296296,70.14814815,0.37037037,0.296296296,4.259259259,0.333333333,260.9259259,0.703703704,0.407407407,0.111111111,7.518518519,0.074074074,0.62962963,0.888888889,0.074074074,0.777777778,1.185185185,2.296296296,27,0.861236594,0.9,0.5625,1,19.195,8.863068906,4.504249019,33.95902272,903.2962963,3.444444444,0.47826087,4,5,85,97,154,0,0,0,0,0,0,0,0,0,1
14,274864,14,0.890909091,0.127272727,0.2,1.472727273,4.618181818,0.2,0.272727273,0.345454545,1.890909091,26.14545455,3.254545455,3.072727273,8.254545455,0.836363636,14.6,0.254545455,35.58181818,64.05454545,0.654545455,0.290909091,3.163636364,0.454545455,168.7818182,2.945454545,0.218181818,0.163636364,8.381818182,0.054545455,0.763636364,1.072727273,0.163636364,0.8,3.945454545,1.527272727,55,0.903476505,0.948275862,0.705128205,1,29.367,13.40780386,5.747089056,-7.49098488,982.8,2.836363636,0.363636364,1,134,0,0,0,0,0,0,0,0,0,0,0,0,2
15,274864,15,1.166666667,0.425925926,0.277777778,2.296296296,7.37037037,0.12962963,0.092592593,0.592592593,0.759259259,37.90740741,3.703703704,2.703703704,3.277777778,0.833333333,13.25925926,0.333333333,43.55555556,73.07407407,0.388888889,0.555555556,5.703703704,0.685185185,247.0555556,1.351851852,0.314814815,0.277777778,8.296296296,0.055555556,0.666666667,0.833333333,0.518518519,0.888888889,2.648148148,1.796296296,54,0.744389177,0.947368421,0.701298701,1,26.481,10.79418355,7.207773154,-3.946949586,605.9259259,3.240740741,0.46875,2,128,129,0,0,0,0,0,0,0,0,0,0,0,1
16,274864,16,0.745283019,0.367924528,0.141509434,1.811320755,5.896226415,0.179245283,0.198113208,0.320754717,0.716981132,30.37735849,2.518867925,2.037735849,4.254716981,0.641509434,9.283018868,0.160377358,33.68867925,59.18867925,0.349056604,0.254716981,4.047169811,0.452830189,182.5943396,0.924528302,0.264150943,0.08490566,7.273584906,0.075471698,0.481132075,0.735849057,0.235849057,0.924528302,5.396226415,1.726415094,106,0.847435307,0.768115942,0.56684492,1,48.347,17.06317698,9.058818018,0.452662009,763.9811321,4.028301887,0.081632653,2,38,314,0,0,0,0,0,0,0,0,0,0,0,1
17,274864,17,0.764705882,0.058823529,0.411764706,0.882352941,3.882352941,0.058823529,0.470588235,0.411764706,1.058823529,9.941176471,4.705882353,2.647058824,4.058823529,0.470588235,9.705882353,0.058823529,26.88235294,43.17647059,0.235294118,0.352941176,1.941176471,0.411764706,165.2941176,3.941176471,0.117647059,0.235294118,7,0,0.294117647,0.294117647,0.235294118,1.176470588,2.058823529,1.235294118,17,0.940808528,0.894736842,0.53125,1,16.656,8.818934755,2.989076603,16.19318627,1167.294118,5.117647059,0.294117647,1,145,0,0,0,0,0,0,0,0,0,0,0,0,2
18,274864,18,1.525,0.3,0.4,1.575,4.65,0.125,0.475,0.35,0.675,28.15,3.075,1.525,3.25,0.675,16.5,0.175,29.75,52.15,0.575,0.425,4.8,0.45,178.475,2.2,0.075,0.1,7.575,0.05,0.375,0.975,0.175,1.375,6.25,1.575,40,0.510208336,0.975609756,0.714285714,1,21.428,8.04859213,6.922198451,-79.0677482,1245.275,3.65,0.52,2,71,116,0,0,0,0,0,0,0,0,0,0,0,1
19,274864,19,1,0.265306122,0.285714286,1.693877551,5.755102041,0.163265306,0.244897959,0.510204082,0.93877551,28.97959184,2.836734694,2.489795918,7.408163265,0.755102041,17.51020408,0.142857143,34.73469388,58.97959184,0.551020408,0.469387755,4.346938776,0.469387755,141.877551,1.632653061,0.265306122,0.183673469,8.857142857,0.06122449,0.469387755,0.979591837,0.387755102,1.306122449,6.469387755,0.959183673,49,0.543465104,0.924528302,0.6125,1,25.745,9.247250205,7.762435517,18.3593609,1330.55102,3.448979592,0.566666667,3,40,100,210,0,0,0,0,0,0,0,0,0,0,1
20,274864,20,1.821428571,0.357142857,0.214285714,1.75,7.404761905,0.214285714,0.25,0.595238095,0.761904762,29.36904762,3.952380952,2.404761905,2.464285714,1.047619048,18.78571429,0.285714286,34.30952381,58.71428571,3.011904762,0.547619048,3.904761905,0.630952381,260.1071429,1.226190476,0.333333333,0.214285714,9.297619048,0.095238095,0.619047619,1.297619048,0.44047619,1.226190476,3.047619048,2.523809524,84,0.918871676,0.875,0.631578947,1,42.368,17.96587885,7.088554532,-3.468133737,1545.178571,3.107142857,0.354166667,4,63,122,159,160,0,0,0,0,0,0,0,0,0,11
21,274864,21,1.581081081,0.297297297,0.310810811,1.918918919,5.621621622,0.256756757,0.202702703,0.418918919,2.067567568,30.2027027,5.756756757,3.432432432,4.121621622,0.756756757,18.25675676,0.364864865,29.02702703,49.31081081,0.648648649,0.513513514,4.986486486,0.797297297,160.027027,1.716216216,0.364864865,0.148648649,9.635135135,0.094594595,0.445945946,1.405405405,0.364864865,0.918918919,4.040540541,1.297297297,74,0.750558095,0.870588235,0.587301587,1,34.809,12.79673493,8.456139622,-4.429235537,1606.932432,3.77027027,0.307692308,3,147,177,226,0,0,0,0,0,0,0,0,0,0,2
22,274864,22,1.686567164,0.776119403,0.343283582,2.268656716,3.343283582,0.71641791,0.358208955,0.388059701,3.47761194,9.835820896,9.865671642,6.910447761,3.507462687,1.134328358,15.34328358,0.23880597,42.64179104,74.67164179,0.432835821,0.895522388,4.164179104,0.835820896,286.9850746,3.179104478,0.656716418,0.28358209,9.268656716,0.104477612,0.656716418,1.432835821,0.388059701,1.074626866,2.089552239,2.298507463,67,0.786604606,0.957142857,0.736263736,1,30.765,12.47302472,7.701556905,8.028356538,44.70149254,3.462686567,0.333333333,3,76,138,139,0,0,0,0,0,0,0,0,0,0,4
23,274864,23,0.857142857,0.571428571,0.142857143,1,0.857142857,0.285714286,0.142857143,0.142857143,1.571428571,6.714285714,2.142857143,2.714285714,2.428571429,1.285714286,8.428571429,0.571428571,27.71428571,40.57142857,0.285714286,0.285714286,2.857142857,0.714285714,219.1428571,1.857142857,0.428571429,0.142857143,7.857142857,0.142857143,0.571428571,1,0.142857143,0.428571429,3.571428571,2.142857143,7,0.688972486,0.875,0.777777778,1,6.831,3.763583333,2.727798137,-59.52730205,70.71428571,5.142857143,0.428571429,1,48,0,0,0,0,0,0,0,0,0,0,0,0,16
24,274864,24,1.1,0.1,0.2,1.5,4.1,0.3,0,0.7,0.5,13.5,1.6,5.6,28.5,0.5,13.1,0.3,26,38,0.5,0.3,2.8,0.3,103,1,0.4,0.2,7.4,0,0.6,1.1,0.3,0.6,3.1,1.3,10,0.925326244,0.769230769,0.416666667,1,13.29,7.200823273,2.730349952,-51.66755317,1189.5,3.9,0.4,1,115,0,0,0,0,0,0,0,0,0,0,0,0,10
25,274864,25,1.62962963,0.407407407,0.351851852,1.296296296,6.722222222,0.074074074,0.111111111,0.351851852,0.851851852,29.7037037,4.166666667,2.314814815,1.888888889,0.685185185,14.51851852,0.296296296,33.05555556,59.42592593,0.166666667,0.351851852,3.296296296,0.37037037,168,1.685185185,0.259259259,0.148148148,7.888888889,0.037037037,0.5,1.092592593,0.240740741,1.777777778,2,1.888888889,54,0.651290461,0.885245902,0.675,1,26.944,9.969777288,7.565351426,-40.2810973,1562.481481,4.185185185,0.322580645,1,63,0,0,0,0,0,0,0,0,0,0,0,0,1
26,274864,26,0.823529412,0.470588235,0.411764706,0.764705882,2.529411765,0.117647059,0.235294118,0.705882353,1.705882353,22.70588235,6.470588235,3.823529412,2.588235294,1.647058824,11.64705882,0.529411765,45.94117647,76,0.411764706,0.235294118,4.882352941,0.823529412,264.1176471,1.235294118,0.235294118,0.058823529,9.470588235,0.176470588,0.764705882,1.411764706,0.176470588,0.941176471,3.117647059,2.176470588,17,0.936097757,0.80952381,0.485714286,1,15.548,8.648515128,3.042028238,-62.82509941,11.05882353,3.705882353,0.411764706,1,31,0,0,0,0,0,0,0,0,0,0,0,0,16
27,274864,27,0.976744186,0.209302326,0.348837209,1.325581395,1.418604651,0.441860465,0.139534884,0.23255814,1,7.627906977,4.790697674,5.790697674,4.162790698,0.906976744,9.674418605,0.162790698,14.09302326,26.69767442,0.325581395,0.255813953,3.720930233,0.581395349,110.2325581,1.465116279,0.186046512,0.186046512,7.581395349,0.023255814,0.558139535,0.860465116,0.255813953,1.093023256,5.906976744,1.093023256,43,0.673319444,0.716666667,0.597222222,1,32.022,9.905219843,7.32344106,35.46176159,262.1627907,5.069767442,0.181818182,3,9,150,162,0,0,0,0,0,0,0,0,0,0,6
28,274864,28,0.931034483,0.344827586,0.206896552,1.103448276,4.275862069,0.172413793,0.275862069,0.275862069,0.379310345,20.62068966,1.068965517,0.827586207,2.793103448,0.620689655,8.586206897,0.068965517,29.06896552,45.82758621,0.206896552,0.24137931,2.896551724,0.310344828,142.137931,0.310344828,0.206896552,0.068965517,5.931034483,0.034482759,0.620689655,0.931034483,0.172413793,0.586206897,5.137931034,1.103448276,29,0.464268343,0.966666667,0.805555556,1,16.656,6.650239762,5.890081377,-32.48464516,938.2068966,6.862068966,0.5,3,59,223,258,0,0,0,0,0,0,0,0,0,0,1
29,274864,29,0.444444444,0.222222222,0.333333333,1,3.777777778,0,0,0.444444444,0.222222222,29.55555556,2.222222222,1.888888889,1.555555556,0.666666667,12.66666667,0.888888889,40.55555556,74.11111111,0.333333333,0.555555556,2.666666667,0.222222222,178.1111111,0.777777778,0.222222222,0.333333333,5.777777778,0.333333333,0.888888889,0.777777778,0.333333333,1,3.888888889,1.555555556,9,0.781038915,1,0.6,1,9.362,4.760952286,2.973130702,0,1439,5.444444444,0.888888889,2,87,118,0,0,0,0,0,0,0,0,0,0,0,1
30,274864,30,2.244444444,0.511111111,0.6,2.955555556,5.688888889,0.444444444,0.222222222,0.555555556,3.622222222,15.37777778,10.8,7.066666667,4.377777778,1.533333333,19.64444444,0.377777778,65,106.8666667,0.6,1.2,5.688888889,1.177777778,375.9111111,2.888888889,1.177777778,0.577777778,11.15555556,0.2,0.955555556,1.933333333,0.555555556,2.111111111,2.266666667,3.066666667,45,0.912521585,0.692307692,0.5,1,35.801,14.96310637,6.120337754,87.06400332,2.422222222,7.622222222,0.076923077,1,31,0,0,0,0,0,0,0,0,0,0,0,0,4
31,274864,31,1.6,0.2,0,1.8,4.6,0,0,0.6,0.6,12.8,4.4,2,2,0.6,11.4,0,34.2,59.4,0.2,0.4,0.8,0.4,212.6,1.4,0.6,0.4,3.8,0,0.2,1.2,0.2,2.6,4,0.6,5,0.931487699,0.833333333,0.625,1,7.013,4.881889979,1.7758989,-79.09929526,9.2,7.8,1,3,26,30,227,0,0,0,0,0,0,0,0,0,0,8
32,274864,32,1.02173913,0.260869565,0.217391304,4.086956522,5.347826087,0.130434783,0.543478261,0.543478261,1.326086957,16.36956522,4.565217391,4.173913043,2.347826087,0.934782609,14.65217391,0.369565217,41.73913043,67.2826087,0.413043478,0.434782609,4.673913043,0.760869565,252.1304348,2.260869565,0.391304348,0.086956522,8.847826087,0.02173913,0.652173913,0.869565217,0.543478261,0.652173913,3.173913043,1.97826087,46,0.551641728,0.93877551,0.821428571,1,22.908,8.664250722,7.226688408,70.92777776,335.7173913,3.97826087,0.423076923,2,58,178,0,0,0,0,0,0,0,0,0,0,0,2
33,274864,33,0.7,0.7,0.1,1.2,0.5,0.1,0.1,0.2,0.3,3.3,1.7,1.1,1.8,0.6,7,0,37.4,56.6,0.2,0.8,2.4,0.2,234.9,0.2,0.2,0,5.2,0.3,0.4,0.9,0.2,0.4,2.3,2.4,10,0.87771729,0.833333333,0.5,1,10.313,5.596079208,2.681522733,-34.09929526,409,5.6,0.6,1,143,0,0,0,0,0,0,0,0,0,0,0,0,12
34,274864,34,0.666666667,0.333333333,0.142857143,1.619047619,4.428571429,0.238095238,0.047619048,0.142857143,0.476190476,15.76190476,1.285714286,1.952380952,2,0.333333333,8.285714286,0.285714286,28.66666667,53.33333333,0.285714286,0.380952381,2.857142857,0.285714286,162,0.80952381,0.476190476,0.095238095,6.714285714,0,0.285714286,0.904761905,0.238095238,0.571428571,1.952380952,1.285714286,21,0.844509878,0.913043478,0.75,1,15.159,7.455607622,3.992775933,6.344028517,434.1428571,5.904761905,0,0,0,0,0,0,0,0,0,0,0,0,0,0,0,1
35,274864,35,0.833333333,0.166666667,0.041666667,2.333333333,6.458333333,0.25,0.041666667,0.166666667,0.541666667,18.95833333,2.291666667,2.833333333,2.458333333,0.5,10.5,0.25,31.70833333,55.95833333,0.25,0.291666667,3.833333333,0.333333333,149.6666667,1.125,0.208333333,0.166666667,8.375,0.041666667,0.5,0.75,0.25,1,4.333333333,1.041666667,24,0.856967787,0.615384615,0.380952381,1,24.248,10.15552018,5.23385018,-71.9832235,486.2083333,4.916666667,0.347826087,3,66,80,218,0,0,0,0,0,0,0,0,0,0,1
36,274864,36,0.853658537,0.317073171,0.268292683,1.756097561,4.804878049,0.146341463,0.195121951,0.243902439,2.073170732,17.29268293,4.780487805,3.268292683,2.292682927,0.658536585,10.26829268,0.317073171,38.19512195,65.70731707,0.512195122,0.390243902,3.756097561,0.512195122,207.8780488,1.024390244,0.463414634,0.097560976,6.414634146,0.048780488,0.512195122,1.170731707,0.195121951,0.634146341,3.829268293,2.024390244,41,0.76843242,0.911111111,0.650793651,1,22.47,9.349294776,5.982903057,67.0666534,500.8780488,4.707317073,0.5,2,1,66,0,0,0,0,0,0,0,0,0,0,0,2
37,274864,37,0.473684211,0.105263158,0.210526316,1.736842105,2.894736842,0.052631579,0,0.368421053,0.157894737,19.68421053,1.684210526,1.315789474,1.263157895,0.631578947,6.052631579,0.157894737,32.26315789,54.15789474,0.421052632,0.315789474,3.368421053,0.368421053,199.9473684,0.578947368,0.210526316,0.105263158,6.421052632,0.105263158,0.789473684,1.157894737,0.263157895,0.684210526,1.052631579,2.052631579,19,0.799635003,0.863636364,0.542857143,1,15.639,7.110709049,4.269883759,-1.807765536,718.3684211,6.684210526,0.444444444,2,131,272,0,0,0,0,0,0,0,0,0,0,0,1
38,274864,38,0.717391304,0.434782609,0.304347826,1.934782609,6.02173913,0.108695652,0.152173913,0.369565217,0.652173913,26.80434783,2.956521739,2.108695652,2.369565217,0.869565217,8.086956522,0.260869565,29.15217391,50.36956522,0.413043478,0.260869565,3.47826087,0.52173913,172.0217391,1.391304348,0.195652174,0.130434783,7.391304348,0.065217391,0.52173913,1.173913043,0.260869565,0.891304348,1.086956522,1.152173913,46,0.531633824,0.793103448,0.638888889,1,27.333,9.404964507,7.965763297,-54.0119694,777.5434783,4.913043478,0.424242424,3,16,180,235,0,0,0,0,0,0,0,0,0,0,1
39,274864,39,1.157894737,0.385964912,0.228070175,1.315789474,6.333333333,0.140350877,0.157894737,0.438596491,0.456140351,24.54385965,2.157894737,1.754385965,6.421052632,0.614035088,15.70175439,0.192982456,38.63157895,63.98245614,0.736842105,0.245614035,4.210526316,0.543859649,163.1403509,1.122807018,0.228070175,0.140350877,8.543859649,0.035087719,0.631578947,1.140350877,0.245614035,7.228070175,5.894736842,1.596491228,57,0.775249013,0.919354839,0.59375,1,28.549,11.32878527,7.155892188,-32.63210213,1300.087719,3.842105263,0.411764706,2,86,175,0,0,0,0,0,0,0,0,0,0,0,1
40,274864,40,0.9,0.36,0.18,1.82,6.06,0.14,0.08,0.46,1.46,27.34,4.36,2.84,2.34,0.78,16,0.24,34.64,57.54,0.48,0.4,3.5,0.38,153.04,2.02,0.24,0.2,8.12,0.06,0.54,0.94,0.32,1.22,2.8,1.32,50,0.787604257,0.862068966,0.625,1,26.39,10.59051428,6.525678051,-73.13011605,1322.34,4.86,0.866666667,4,19,62,210,297,0,0,0,0,0,0,0,0,0,2
41,274864,41,1,0.419354839,0.064516129,1.387096774,2.935483871,0.129032258,0.322580645,0.419354839,2,15.41935484,4.709677419,3.258064516,4.548387097,0.483870968,14.4516129,0.161290323,24,39.90322581,0.387096774,0.64516129,3.290322581,0.387096774,167.8387097,1.225806452,0.193548387,0.225806452,6.806451613,0.064516129,0.548387097,0.774193548,0.193548387,0.774193548,2.290322581,1.129032258,31,0.872561773,0.775,0.484375,1,23.901,10.01652595,4.893110891,46.69936338,1389.225806,4.838709677,0.461538462,4,73,136,146,185,0,0,0,0,0,0,0,0,0,2
42,274864,42,0.675,0.425,0.275,1.275,5.675,0.125,0.15,0.175,0.275,26.65,1.525,1.25,1.7,0.35,12.025,0.15,28.15,50.775,0.425,0.2,2.175,0.45,117.025,1.3,0.175,0.125,5.575,0.05,0.85,1.25,0.4,0.75,1.95,0.8,40,0.745828212,0.930232558,0.571428571,1,22.214,9.09164386,6.056292479,-79.89772464,1457.45,7.175,0.592592593,2,119,120,0,0,0,0,0,0,0,0,0,0,0,1
43,274864,43,0.976190476,0.214285714,0.214285714,0.714285714,3.428571429,0.095238095,0.095238095,0.142857143,0.69047619,18.61904762,2.261904762,1.785714286,1.285714286,0.738095238,9.523809524,0.071428571,23.83333333,39.54761905,0.523809524,0.19047619,2.5,0.333333333,118,0.857142857,0.19047619,0.047619048,5.404761905,0.047619048,0.333333333,0.833333333,0.214285714,1.047619048,2.452380952,0.904761905,42,0.716005184,0.857142857,0.6,1,23.876,9.15608969,6.391820085,87.84562625,1496.619048,6.547619048,0.555555556,3,102,121,252,0,0,0,0,0,0,0,0,0,0,1
44,274864,44,1.607843137,0.421568627,0.264705882,1.450980392,8.950980392,0.12745098,0.176470588,0.5,1.274509804,24.5,5.058823529,2.960784314,5.931372549,0.754901961,15.33333333,0.343137255,30.04901961,49.15686275,0.558823529,0.31372549,3.509803922,0.578431373,141.3627451,1.578431373,0.264705882,0.156862745,9.421568627,0.078431373,0.617647059,1,0.392156863,1.068627451,3.333333333,1.225490196,102,0.581945824,0.935779817,0.662337662,1,37.621,13.34433994,10.85198495,-26.00599494,1682.147059,4.833333333,0.577777778,4,64,104,242,263,0,0,0,0,0,0,0,0,0,2
45,274864,45,0.605263158,0.315789474,0.157894737,1.552631579,4.236842105,0.105263158,0.105263158,0.5,0.368421053,21.94736842,1.868421053,1.605263158,1.842105263,0.736842105,8.342105263,0.368421053,45.26315789,75.34210526,0.315789474,0.236842105,2.815789474,0.342105263,201.7631579,2.736842105,0.105263158,0.026315789,5.921052632,0.052631579,0.526315789,0.815789474,0.236842105,0.473684211,1.894736842,1.789473684,38,0.695192989,0.88372093,0.527777778,1,22.396,8.863471982,6.371268769,26.65868779,444.4210526,6.447368421,0.142857143,2,126,246,0,0,0,0,0,0,0,0,0,0,0,1
46,274864,46,0.428571429,0.238095238,0.142857143,0.857142857,2.476190476,0.047619048,0.047619048,0.142857143,0.19047619,18.80952381,1.571428571,1.285714286,1.428571429,0.571428571,4.857142857,0.142857143,32.66666667,56.23809524,0.142857143,0.238095238,1.428571429,0.142857143,143.1428571,0.380952381,0,0,4.285714286,0.095238095,0.285714286,0.142857143,0.19047619,0.666666667,1.095238095,0.761904762,21,0.787032855,0.913043478,0.75,1,15.432,6.899683817,4.256491423,8.883078435,838.2380952,6.380952381,0.125,1,221,0,0,0,0,0,0,0,0,0,0,0,0,3
47,274864,47,0.55,0.25,0.3,1.15,2.95,0.05,0.15,0.2,0.5,18.75,1.4,1.25,1.6,0.35,10.1,0.15,25.55,43.05,0.4,0.25,2.55,0.4,121.95,0.8,0.2,0,5.85,0.05,0.2,0.85,0.25,0.4,2.35,1.35,20,0.721608791,0.952380952,0.666666667,1,13.77,6.237129813,4.317971557,63.16341298,1403.6,7.1,0.6875,3,73,158,329,0,0,0,0,0,0,0,0,0,0,1
48,274864,48,1.650793651,0.603174603,0.222222222,2.253968254,5.095238095,0.253968254,0.365079365,0.26984127,1.698412698,29.26984127,5.873015873,3.80952381,3.746031746,2.365079365,15.28571429,0.26984127,51.9047619,88.36507937,0.555555556,0.412698413,4.428571429,0.746031746,289.2698413,1.904761905,0.444444444,0.142857143,8.80952381,0.063492063,0.603174603,1.206349206,0.412698413,1.222222222,2.634920635,2.53968254,63,0.672703085,0.926470588,0.715909091,1,28.722,10.78056176,7.976672781,-86.77849608,64.03174603,5.19047619,0.151515152,1,23,0,0,0,0,0,0,0,0,0,0,0,0,2
49,274864,49,1.2,0.8,0,1.2,0.6,1,0,0.2,0.8,8.2,2.2,1.2,2.2,0.4,7.4,0,11.8,17.2,0.4,0.2,3,0.6,172,1.4,0.6,0.4,6.6,0,0,0.8,0.2,0.8,1,2,5,0.765092056,1,0.833333333,1,4.962,3.306559138,2.12916259,-71.56505118,85.4,7.2,0,0,0,0,0,0,0,0,0,0,0,0,0,0,0,6
50,274864,50,0.615384615,0.115384615,0.115384615,0.807692308,1.038461538,0.269230769,0.038461538,0.230769231,2.384615385,3.153846154,2.884615385,3.384615385,7.5,0.846153846,9.653846154,0.269230769,34.57692308,54.92307692,0.423076923,1.269230769,2.5,0.307692308,232.6923077,0.576923077,0.384615385,2.076923077,6.692307692,0.076923077,0.115384615,0.769230769,0.615384615,1.730769231,0.846153846,2.307692308,26,0.611569986,0.928571429,0.619047619,1,16.772,6.775426684,5.360652132,-86.8342652,120.7692308,6.423076923,0.5,2,51,215,0,0,0,0,0,0,0,0,0,0,0,13
51,274864,51,1.021276596,0.212765957,0.255319149,1.531914894,2.765957447,0.191489362,0.29787234,0.361702128,3.361702128,7.170212766,5.574468085,4.70212766,6.29787234,1,10.10638298,0.234042553,27.78723404,46.34042553,0.276595745,0.234042553,3.276595745,0.404255319,194.4042553,2.595744681,0.319148936,0.106382979,7.531914894,0.021276596,0.574468085,1.170212766,0.319148936,1.340425532,1.829787234,1.553191489,47,0.75599453,0.886792453,0.652777778,1,24.43,9.957398368,6.517893248,-54.35642832,127.7234043,5.063829787,0.357142857,2,50,140,0,0,0,0,0,0,0,0,0,0,0,4
52,274864,52,0.678571429,0.142857143,0.392857143,1.357142857,6.285714286,0.142857143,0.142857143,0.428571429,0.357142857,28.07142857,3.785714286,1.428571429,1.785714286,0.785714286,10.67857143,0.142857143,46.92857143,76.10714286,0.5,0.321428571,4.25,0.785714286,244.5714286,0.892857143,0.214285714,0.178571429,6.142857143,0,0.571428571,0.892857143,0.571428571,0.392857143,1.285714286,2,28,0.309073568,0.965517241,0.777777778,1,16.011,6.28026159,5.972768255,-56.47704327,313.3214286,6.107142857,0.6,2,91,163,0,0,0,0,0,0,0,0,0,0,0,1
53,274864,53,0.838709677,0.516129032,0.322580645,1.451612903,1,0.741935484,0.129032258,0.322580645,0.709677419,7.677419355,2.903225806,4.548387097,5.774193548,0.870967742,9,0.129032258,13.19354839,22.5483871,0.548387097,0.419354839,4.225806452,0.64516129,169.1290323,4.129032258,0.516129032,0.096774194,7.451612903,0,0.64516129,0.774193548,0.161290323,0.903225806,1.096774194,1.483870968,31,0.765878582,0.402597403,0.281818182,4,19.493,12.07115762,7.761575984,53.78687075,384.2580645,6.741935484,0.142857143,2,188,255,0,0,0,0,0,0,0,0,0,0,0,6
54,274864,54,0.581395349,0.186046512,0.046511628,0.581395349,1.23255814,0.093023256,0.093023256,0.23255814,0.325581395,2.720930233,1.418604651,0.627906977,1.744186047,0.395348837,8.465116279,0.069767442,12.48837209,17.74418605,0.348837209,0.209302326,1.23255814,0.255813953,97.23255814,0.488372093,0.046511628,0.023255814,4.302325581,0.046511628,0.11627907,0.511627907,0.093023256,0.418604651,2.069767442,0.697674419,43,0.580641161,0.914893617,0.671875,1,21.734,8.430020673,6.863382198,39.84017325,1100.023256,7.674418605,0.518518519,2,114,259,0,0,0,0,0,0,0,0,0,0,0,8
55,274864,55,0.823529412,0.176470588,0.352941176,0.647058824,4.235294118,0.235294118,0.235294118,0.352941176,0.176470588,29.52941176,1.588235294,0.941176471,1.352941176,0.294117647,12,0.058823529,30.70588235,54.05882353,0.294117647,0.470588235,1.882352941,0.411764706,157.8823529,0.235294118,0.235294118,0.117647059,4.529411765,0,0.294117647,0.705882353,0.235294118,0.588235294,1.529411765,1.176470588,17,0.834014708,0.80952381,0.485714286,1,15.176,6.986872572,3.854952522,-15.83435129,1477.117647,6.764705882,0.625,2,74,176,0,0,0,0,0,0,0,0,0,0,0,1
56,274864,56,1.246376812,0.376811594,0.188405797,1.333333333,4.869565217,0.086956522,0.246376812,0.333333333,1.028985507,22.1884058,3.101449275,2.260869565,2.507246377,0.594202899,13.11594203,0.202898551,32.79710145,52.66666667,0.797101449,0.333333333,2.536231884,0.347826087,127.5072464,3.086956522,0.173913043,0.115942029,9.086956522,0.072463768,0.52173913,0.942028986,0.202898551,1.014492754,2.086956522,0.898550725,69,0.803875811,0.8625,0.522727273,1,32.221,12.75365919,7.585840459,42.98877649,1628.434783,5.536231884,0.25,1,196,0,0,0,0,0,0,0,0,0,0,0,0,1
57,274864,57,0.666666667,0.291666667,0.541666667,1.125,1.25,0.125,0.25,0.125,1.5,3.875,3.833333333,3.5,4.041666667,0.458333333,9.25,0.083333333,34.83333333,56.20833333,0.25,0.416666667,2.5,0.208333333,197.5,0.583333333,0.125,0.333333333,4.625,0.083333333,0.625,0.791666667,0.208333333,0.708333333,1.666666667,2,24,0.852516729,0.857142857,0.6,1,21.13,8.812981056,4.606544669,0.33834517,105.75,7.083333333,0.05,1,161,0,0,0,0,0,0,0,0,0,0,0,0,4
58,274864,58,0.857142857,0.428571429,0.071428571,1.642857143,3.214285714,0.142857143,0.142857143,0.214285714,0.214285714,25.42857143,1.5,1.142857143,1.785714286,0.642857143,6.142857143,0,33.28571429,51.35714286,0.285714286,0.571428571,2.928571429,0.357142857,219.3571429,0.571428571,0.214285714,0.071428571,5.285714286,0.071428571,0.428571429,1.428571429,0.357142857,0.5,0.714285714,1.214285714,14,0.196396101,1,0.875,1,10.106,4.364357805,4.279360369,0,341.5,7.714285714,0.833333333,3,32,65,205,0,0,0,0,0,0,0,0,0,0,1
59,274864,59,0.821428571,0.214285714,0.071428571,1,2.214285714,0.25,0.178571429,0.321428571,0.571428571,13.78571429,1.428571429,1.25,1.5,0.642857143,6.714285714,0.107142857,17.57142857,32.53571429,0.214285714,0.357142857,2.857142857,0.071428571,150.5357143,0.535714286,0.214285714,0.035714286,3.964285714,0.035714286,0.535714286,0.714285714,0.285714286,0.464285714,4.75,1.142857143,28,0.672886929,0.848484848,0.583333333,1,19.286,7.59275386,5.616704348,6.322710198,930,7.142857143,0.454545455,3,28,173,258,0,0,0,0,0,0,0,0,0,0,3
60,274864,60,0.625,0.175,0.075,1.35,4.1,0.15,0.125,0.275,0.65,23.4,1.75,0.925,3.525,0.675,9.075,0.1,35.65,55.725,0.325,0.275,3.35,0.275,149.275,0.525,0.25,0.075,5.975,0,0.325,0.775,0.225,0.9,1.7,1.25,40,0.875195803,0.816326531,0.606060606,1,25.265,11.32196147,5.477212352,3.134008934,1001.3,7.2,0.066666667,1,224,0,0,0,0,0,0,0,0,0,0,0,0,1
61,274864,61,0.916666667,0.333333333,0.111111111,1.555555556,4.027777778,0.138888889,0.222222222,0.361111111,0.805555556,19.30555556,1.638888889,2.972222222,12.44444444,0.638888889,16.08333333,0.083333333,29.94444444,52.77777778,0.472222222,0.25,3.722222222,0.666666667,152.0555556,0.777777778,0.222222222,0.305555556,9.166666667,0.055555556,0.638888889,1.25,0.083333333,0.972222222,2.333333333,1.111111111,36,0.816739798,0.818181818,0.514285714,1,24.265,10.22042299,5.897246972,74.59994775,1277.361111,5.472222222,0.466666667,2,99,183,0,0,0,0,0,0,0,0,0,0,0,10
62,274864,62,0.6875,0.21875,0.1875,1.09375,0.90625,0.0625,0.125,0.25,0.625,4.09375,1.96875,1.40625,5.53125,0.53125,9.75,0,13.375,21.96875,0.1875,0.21875,2.03125,0.28125,100.625,2.65625,0.21875,0.34375,3.90625,0.21875,0.3125,0.625,0.21875,0.34375,1.5,0.75,32,0.821021299,0.842105263,0.711111111,1,21.064,9.046412676,5.164574946,88.91242267,1316.09375,7.03125,0.708333333,2,40,86,0,0,0,0,0,0,0,0,0,0,0,5
63,274864,63,0.896551724,0.24137931,0.206896552,1.275862069,3.965517241,0.137931034,0.103448276,0.137931034,0.482758621,18.24137931,2.75862069,1.482758621,1,0.379310345,9.965517241,0.137931034,23.55172414,42.17241379,0.172413793,0.344827586,2.827586207,0.551724138,128.2068966,0.620689655,0.275862069,0.103448276,5.75862069,0.034482759,0.517241379,0.75862069,0.172413793,0.620689655,1.068965517,1.034482759,29,0.673255504,0.90625,0.517857143,1,19.584,7.596995539,5.617293845,37.32493175,1554.793103,6.689655172,0.782608696,3,20,25,187,0,0,0,0,0,0,0,0,0,0,1
64,274864,64,1.148148148,0.358024691,0.12345679,1.75308642,5.234567901,0.234567901,0.259259259,0.382716049,1.913580247,25.04938272,6.962962963,3.728395062,2.074074074,0.679012346,13.43209877,0.222222222,21.39506173,34.92592593,0.469135802,0.271604938,3.259259259,0.617283951,125.1728395,2.037037037,0.160493827,0.197530864,8.234567901,0.061728395,0.703703704,1.049382716,0.296296296,1,3.320987654,0.901234568,81,0.525739015,0.89010989,0.669421488,1,33.866,11.65395426,9.913388692,47.34380131,1694.728395,4.740740741,0.333333333,2,44,263,0,0,0,0,0,0,0,0,0,0,0,2
65,274864,65,0.653846154,0.192307692,0.173076923,1.192307692,3.596153846,0.211538462,0.153846154,0.346153846,0.346153846,16.05769231,1.634615385,1.519230769,1.461538462,0.846153846,6.346153846,0.076923077,31.30769231,50.38461538,0.134615385,0.384615385,2.596153846,0.384615385,167.5769231,0.730769231,0.211538462,0.153846154,5.230769231,0,0.403846154,0.692307692,0.173076923,0.673076923,1.096153846,1.692307692,52,0.856579209,0.896551724,0.52,1,26.622,11.70323657,6.039052184,42.22258178,349.1153846,7.923076923,0.470588235,3,58,205,254,0,0,0,0,0,0,0,0,0,0,3
66,274864,66,0.731707317,0.146341463,0.097560976,1.146341463,4.87804878,0.195121951,0.048780488,0.170731707,0.56097561,14.2195122,2.170731707,2.12195122,1.804878049,0.365853659,7.317073171,0.195121951,35.02439024,59.19512195,0.243902439,0.390243902,2.365853659,0.219512195,152.9512195,5.12195122,0.146341463,0.12195122,5.829268293,0.048780488,0.56097561,0.56097561,0.146341463,0.609756098,1.756097561,1.268292683,41,0.548595498,0.872340426,0.569444444,1,24.149,8.424242043,7.043406851,-54.24977191,493.8780488,8.390243902,0.769230769,3,35,36,218,0,0,0,0,0,0,0,0,0,0,1
67,274864,67,0.5,0.1,0,0.9,1.6,0.1,0,0.2,0.3,10.6,0.5,1.1,1.1,0.3,5.2,0.1,48.9,86.3,0.7,0.2,2.1,0.2,126,0.3,0.1,0.1,4.8,0,0.2,0.2,0,1.1,1.2,0.4,10,0.84206954,0.909090909,0.625,1,9.552,5.241561777,2.827135795,-53.84544481,535.6,7.7,0.7,2,4,219,0,0,0,0,0,0,0,0,0,0,0,3
68,274864,68,0.540540541,0.135135135,0.108108108,0.783783784,3.675675676,0.135135135,0.054054054,0.351351351,0.513513514,14.51351351,2,1.756756757,1.189189189,0.351351351,8.864864865,0.135135135,32.21621622,56.59459459,0.243243243,0.243243243,2.108108108,0.351351351,109.6216216,1.081081081,0.162162162,0.108108108,6.081081081,0.108108108,0.243243243,0.486486486,0.216216216,0.297297297,0.702702703,0.891891892,37,0.73728967,0.948717949,0.770833333,1,19.195,8.459703395,5.715178908,21.4043143,652.3513514,8.351351351,0.25,2,95,190,0,0,0,0,0,0,0,0,0,0,0,3
69,274864,69,0.661538462,0.4,0.123076923,1.492307692,2.338461538,0.076923077,0.138461538,0.292307692,1.353846154,15.16923077,6.738461538,4.692307692,4.307692308,0.830769231,9.184615385,0.292307692,28.4,48.10769231,0.369230769,0.353846154,3.830769231,0.876923077,209.9076923,8.615384615,0.307692308,0.076923077,8.030769231,0.123076923,0.646153846,0.969230769,0.384615385,0.969230769,1.6,2.215384615,65,0.544698202,0.970149254,0.8125,1,26.39,10.01602825,8.399763225,-79.02484313,740.6,5.061538462,0.451612903,3,84,170,257,0,0,0,0,0,0,0,0,0,0,2
70,274864,70,0.641791045,0.313432836,0.223880597,0.955223881,0.388059701,0.537313433,0.179104478,0.23880597,0.358208955,3.417910448,1.104477612,1.313432836,1.298507463,0.71641791,8,0.119402985,11.44776119,18.85074627,0.701492537,0.23880597,2.746268657,0.313432836,149,2.253731343,0.104477612,0.119402985,6.014925373,0.074626866,0.313432836,0.656716418,0.298507463,0.731343284,1.179104478,1.537313433,67,0.600488814,0.957142857,0.744444444,1,27.978,10.49749558,8.394145522,53.52831529,1029.895522,9.208955224,0.272727273,1,345,0,0,0,0,0,0,0,0,0,0,0,0,6
71,274864,71,0.927536232,0.260869565,0.217391304,1.260869565,3.362318841,0.173913043,0.231884058,0.231884058,1.231884058,18.68115942,2.492753623,1.536231884,2.492753623,0.565217391,12.47826087,0.173913043,25.47826087,42.01449275,0.246376812,0.173913043,2.985507246,0.376811594,108.7391304,1.362318841,0.246376812,0.289855072,6.507246377,0.014492754,0.289855072,0.710144928,0.202898551,0.782608696,4.68115942,0.913043478,69,0.739269652,0.884615385,0.522727273,1,31.675,11.94295892,8.042502235,57.68706937,1237.84058,8.739130435,0.45,4,18,209,288,442,0,0,0,0,0,0,0,0,0,2
72,274864,72,0.755102041,0.285714286,0.244897959,1.510204082,3.408163265,0.12244898,0.06122449,0.265306122,0.367346939,14.89795918,1.551020408,1.612244898,1.612244898,0.408163265,9.510204082,0.204081633,26.26530612,42.75510204,0.591836735,0.326530612,2.571428571,0.346938776,148.4081633,0.653061224,0.12244898,0.06122449,6.326530612,0.020408163,0.326530612,0.775510204,0.224489796,0.326530612,1.693877551,1.020408163,49,0.810413633,0.875,0.544444444,1,27.523,10.86440028,6.36499719,33.14977696,1353.693878,6.020408163,0.096774194,1,211,0,0,0,0,0,0,0,0,0,0,0,0,1
73,274864,73,0.627906977,0.325581395,0.302325581,1.023255814,3.488372093,0.069767442,0.139534884,0.302325581,0.651162791,21.44186047,2.11627907,1.534883721,5.604651163,0.627906977,11.06976744,0.209302326,25.13953488,44.44186047,0.372093023,0.255813953,2.511627907,0.302325581,115.9767442,0.76744186,0.093023256,0.069767442,6.139534884,0.046511628,0.325581395,0.88372093,0.186046512,1.162790698,2.23255814,1.23255814,43,0.84508851,0.914893617,0.614285714,1,23.603,10.53639519,5.633035261,-64.8963802,1396.627907,8.11627907,0.75862069,4,41,47,136,329,0,0,0,0,0,0,0,0,0,1
74,274864,74,0.913043478,0.217391304,0.086956522,0.869565217,3.956521739,0.043478261,0.173913043,0.391304348,0.565217391,20.95652174,1.434782609,1.043478261,0.913043478,0.695652174,12.13043478,0.260869565,30.08695652,49.7826087,1.695652174,0.217391304,2.130434783,0.304347826,118.9130435,0.826086957,0.304347826,0.043478261,5.608695652,0.043478261,0.304347826,0.608695652,0.130434783,0.695652174,1.652173913,0.739130435,23,0.824262154,0.884615385,0.657142857,1,16.747,7.63044472,4.320421556,69.73261444,1482.521739,8.956521739,1,4,55,121,176,331,0,0,0,0,0,0,0,0,0,11
75,274864,75,1,0.266666667,0.3,1.2,4.033333333,0.166666667,0.1,0.333333333,1.166666667,14.16666667,4.6,2.566666667,1.533333333,0.533333333,9.533333333,0.066666667,13.63333333,23.93333333,0.466666667,0.2,1.766666667,0.5,104.1333333,2.8,0.366666667,0.066666667,5.366666667,0,0.3,0.733333333,0.233333333,0.766666667,1.533333333,0.766666667,30,0.390725441,0.833333333,0.535714286,1,19.683,6.861345563,6.315918457,-80.02055489,1661.1,8.566666667,0.25,2,213,352,0,0,0,0,0,0,0,0,0,0,0,2
76,274864,76,1.522727273,0.522727273,0.090909091,1.613636364,4.5,0.295454545,0.295454545,0.613636364,0.681818182,20.31818182,3.977272727,2.886363636,5.681818182,0.818181818,12.52272727,0.25,31.52272727,49.52272727,0.227272727,0.227272727,4.295454545,0.477272727,218.0227273,1.363636364,0.204545455,0.159090909,7.636363636,0.045454545,0.295454545,1.068181818,0.25,1,3.613636364,1.340909091,44,0.89380456,0.6875,0.571428571,1,31.071,13.08627742,5.868628741,-86.51991798,33.61363636,6.340909091,0.142857143,3,22,138,264,0,0,0,0,0,0,0,0,0,0,1
77,274864,77,0.416666667,0.25,0.166666667,1.5,1.666666667,0.25,0.25,0.75,0.416666667,17.41666667,2.166666667,1.75,2.833333333,0.75,9,0.333333333,44.91666667,85.25,0.166666667,0.333333333,3.916666667,0.75,236.6666667,1.166666667,0.083333333,0.166666667,6.833333333,0.166666667,0.583333333,0.75,0.083333333,1.083333333,0.833333333,1.916666667,12,0.821944765,0.923076923,0.8,1,10.015,5.418786822,3.086363275,-4.836677716,208.9166667,8.25,0.583333333,2,89,318,0,0,0,0,0,0,0,0,0,0,0,3
78,274864,78,1,0.466666667,0.216666667,1.633333333,1.6,0.183333333,0.233333333,0.216666667,2.383333333,5.733333333,6.983333333,4.85,2.983333333,0.65,10.96666667,0.066666667,30.8,52.21666667,0.666666667,0.333333333,3.85,0.516666667,207.25,1.416666667,0.6,0.2,7.383333333,0.066666667,0.55,1.316666667,0.233333333,1.016666667,5.5,2.033333333,60,0.952989407,0.666666667,0.363636364,1,41.202,19.00274603,5.757900739,-57.42954574,244.7333333,6.433333333,0.1875,2,90,142,0,0,0,0,0,0,0,0,0,0,0,4
79,274864,79,0.473684211,0.578947368,0.263157895,2.631578947,1.894736842,0.315789474,0.210526316,0.789473684,1.578947368,9.684210526,2.789473684,3,2.473684211,1.315789474,9.421052632,0.368421053,32.94736842,49.89473684,0.421052632,0.263157895,4.421052632,0.421052632,241.3684211,0.421052632,1.263157895,0.052631579,5.210526316,0.052631579,0.526315789,0.947368421,0.315789474,0.842105263,3.842105263,1.736842105,19,0.77006961,0.95,0.76,1,13.381,6.375046575,4.067023887,-51.91589955,326.9473684,7.894736842,0.5625,3,91,165,178,0,0,0,0,0,0,0,0,0,0,9
80,274864,80,0.661016949,0.288135593,0.101694915,1.423728814,1.457627119,0.118644068,0.152542373,0.13559322,1.06779661,6.542372881,3.169491525,2.779661017,1.627118644,0.406779661,6.186440678,0.13559322,20.57627119,34.47457627,0.13559322,0.186440678,3.338983051,0.423728814,124.2372881,1.389830508,0.559322034,0.152542373,6.169491525,0.423728814,0.491525424,0.745762712,0.322033898,0.661016949,3.677966102,1.06779661,59,0.637415224,0.921875,0.7375,1,25.563,10.00968458,7.712667113,-4.056817185,478.3728814,8.745762712,0.419354839,2,35,302,0,0,0,0,0,0,0,0,0,0,0,9
81,274864,81,0.588235294,0.176470588,0.058823529,0.941176471,4.235294118,0.029411765,0.205882353,0.294117647,1.470588235,16.29411765,3.176470588,2,2.323529412,0.529411765,8.5,0.117647059,29.91176471,51.32352941,0.411764706,0.235294118,3.411764706,0.441176471,177.1470588,2,0.323529412,0.176470588,5.235294118,0.029411765,0.264705882,0.882352941,0.264705882,1.058823529,4.058823529,1.588235294,34,0.741232686,0.971428571,0.693877551,1,19.286,8.210260778,5.511122523,-52.36088288,564.2941176,8.294117647,0.47826087,2,127,233,0,0,0,0,0,0,0,0,0,0,0,2
82,274864,82,0.615384615,0.153846154,0.307692308,1.384615385,4.461538462,0.076923077,0.115384615,0.153846154,0.307692308,18.23076923,2.115384615,1.653846154,2.807692308,1.038461538,8.115384615,0.192307692,43.76923077,71.57692308,0.192307692,0.307692308,2.576923077,0.653846154,167.1153846,1.153846154,0.076923077,0.076923077,5.461538462,0.153846154,0.307692308,0.423076923,0.615384615,1.230769231,1.384615385,2.153846154,26,0.833946363,0.838709677,0.577777778,1,19.84,8.747725731,4.827393138,-86.42326902,637.8076923,6.076923077,0.727272727,3,12,94,190,0,0,0,0,0,0,0,0,0,0,19
83,274864,83,0.615384615,0.179487179,0.051282051,1.051282051,2.743589744,0.230769231,0.128205128,0.333333333,0.564102564,13.15384615,1.333333333,1.025641026,1.974358974,0.564102564,7.564102564,0.102564103,28.71794872,51.82051282,1.358974359,0.256410256,2.538461538,0.358974359,185.1025641,0.615384615,0.102564103,0.153846154,4.871794872,0,0.307692308,0.897435897,0.102564103,0.743589744,2.487179487,1.666666667,39,0.667379124,0.906976744,0.619047619,1,21.825,8.651518711,6.442942905,17.43676525,702.7179487,8.615384615,0.37037037,4,131,191,220,271,0,0,0,0,0,0,0,0,0,11
84,274864,84,0.607142857,0.357142857,0,1.571428571,2,0.142857143,0.178571429,0.214285714,0.857142857,14.57142857,3.178571429,2.464285714,2.464285714,0.678571429,5.428571429,0.285714286,22.46428571,41.96428571,0.035714286,0.178571429,1.964285714,0.464285714,149.0714286,0.571428571,0.107142857,0.178571429,4.428571429,0.071428571,0.285714286,0.678571429,0.25,0.714285714,0.964285714,1.107142857,28,0.887608391,0.903225806,0.571428571,1,18.732,9.176581138,4.226723145,-48.95164167,748.5,8.035714286,0.608695652,3,69,170,248,0,0,0,0,0,0,0,0,0,0,2
85,274864,85,0.35,0.25,0.3,1.075,4.825,0.125,0.2,0.3,0.35,21.8,1.525,1.15,3.075,0.525,7.775,0.075,29.775,50.3,0.175,0.25,2.2,0.225,123.225,0.625,0.075,0.15,5.55,0.125,0.35,0.675,0.35,0.35,1.275,1.1,40,0.665559678,0.952380952,0.625,1,22.098,8.789785209,6.56020904,31.11098313,895.225,8.65,0.392857143,4,13,154,287,305,0,0,0,0,0,0,0,0,0,1
86,274864,86,0.763157895,0.263157895,0.236842105,0.605263158,2.421052632,0.289473684,0.131578947,0.473684211,0.342105263,6.736842105,1.421052632,2.289473684,16.57894737,0.552631579,11.97368421,0.157894737,23.68421053,40.13157895,0.315789474,0.210526316,2.368421053,0.342105263,122.3157895,0.736842105,0.105263158,0.078947368,5.973684211,0.026315789,0.315789474,0.605263158,0.184210526,0.5,2.078947368,0.947368421,38,0.71475125,0.926829268,0.678571429,1,19.956,8.444096427,5.905621693,40.90783649,1308.394737,8.921052632,0.36,2,39,62,0,0,0,0,0,0,0,0,0,0,0,10
87,274864,87,0.545454545,0.545454545,0.090909091,0.909090909,2.727272727,0,0.090909091,0.454545455,0.181818182,24.81818182,2.636363636,1.636363636,1.545454545,0.454545455,15.54545455,0,28.81818182,52,0.363636364,0.272727273,3.090909091,0.181818182,162.5454545,0.727272727,0.090909091,0.454545455,6.454545455,0,0.181818182,1,0.181818182,1.454545455,1.272727273,0.545454545,11,0.780205196,0.846153846,0.55,1,10.313,5.086013697,3.181421913,14.57403592,1438.727273,9.454545455,1,4,29,118,225,348,0,0,0,0,0,0,0,0,0,1
88,274864,88,1,0,0.5,0,0.25,0,0.25,0.5,0.75,1.5,4.25,1.5,1.5,1.5,11,0.25,33.5,66.25,0.5,0,2.25,0.25,255,0.75,0.5,0.25,4,0,0.5,0,0,0.5,1,2.75,4,0,1,1,1,3.556,2.309401077,2.309401077,0,1510.5,8.5,1,2,102,186,0,0,0,0,0,0,0,0,0,0,0,16
89,274864,89,0.714285714,0.535714286,0.214285714,1.107142857,0.607142857,0.607142857,0.142857143,0.142857143,0.357142857,4.892857143,1.75,2.464285714,1.214285714,0.75,7.357142857,0.107142857,18.17857143,30.28571429,0.321428571,0.142857143,1.964285714,0.392857143,217.25,0.535714286,0.178571429,0.142857143,5.642857143,0.035714286,0.535714286,0.571428571,0.178571429,0.714285714,0.857142857,2.357142857,28,0.678537788,0.823529412,0.571428571,1,19.774,7.615043712,5.59374837,30.85555459,216.4285714,9.214285714,0.416666667,3,77,266,281,0,0,0,0,0,0,0,0,0,0,6
90,274864,90,1.045454545,0.287878788,0.181818182,1.939393939,1.227272727,0.272727273,0.257575758,0.303030303,2.878787879,7.575757576,6.196969697,4.378787879,2.015151515,1.090909091,10.68181818,0.333333333,31.66666667,50.93939394,0.848484848,0.393939394,3.196969697,0.590909091,241.5909091,1.409090909,0.287878788,0.151515152,8.909090909,0.151515152,0.46969697,1.348484848,0.333333333,1,2.454545455,1.833333333,66,0.774664085,0.929577465,0.666666667,1,30.674,12.09685442,7.649723592,-68.85364422,233.1212121,5.015151515,0.588235294,3,78,142,244,0,0,0,0,0,0,0,0,0,0,4
91,274864,91,1.736842105,0.394736842,0.394736842,2.394736842,4.131578947,0.157894737,0.210526316,0.605263158,1.263157895,21.97368421,3.921052632,4,2.315789474,0.894736842,12.07894737,0.263157895,32.21052632,55.28947368,0.236842105,0.973684211,5.157894737,0.657894737,305.6842105,1.105263158,0.842105263,0.131578947,7.184210526,0,0.789473684,1.394736842,0.368421053,1.815789474,2.842105263,2.131578947,38,0.857378153,0.88372093,0.542857143,1,23.504,10.26366374,5.282574255,72.70245932,319.7368421,5.078947368,0.518518519,3,52,79,164,0,0,0,0,0,0,0,0,0,0,9
92,274864,92,0.691489362,0.287234043,0.212765957,1.414893617,6.180851064,0.159574468,0.053191489,0.29787234,1.127659574,23.92553191,4.191489362,1.872340426,1.553191489,0.617021277,7.223404255,0.180851064,35.44680851,59.5212766,0.414893617,0.425531915,3.255319149,0.446808511,178.787234,1.265957447,0.361702128,0.170212766,6.010638298,0.042553191,0.521276596,1,0.35106383,0.638297872,1.5,1.617021277,94,0.43476283,0.912621359,0.712121212,1,35.297,12.03320821,10.83644539,-35.44567636,547.3297872,10.90425532,0.651162791,5,4,127,219,322,407,0,0,0,0,0,0,0,0,2
93,274864,93,1.16,0.24,0.36,1.32,2.84,0.36,0.36,0.32,1.4,5.68,6.28,3.96,2.08,0.64,6.32,0.24,21.76,39.32,1.16,0.28,2.2,0.44,134.88,6.08,0.2,0.24,6.2,0,0.52,1.04,0.28,0.8,2.96,1.08,25,0.412838525,0.862068966,0.595238095,1,17.045,6.237083435,5.680761999,74.93547868,586.72,9.2,0.315789474,2,108,179,0,0,0,0,0,0,0,0,0,0,0,4
94,274864,94,0.517241379,0.172413793,0.172413793,0.620689655,3.103448276,0.137931034,0.103448276,0.172413793,0.413793103,9.793103448,2.551724138,1.137931034,1.275862069,0.482758621,6.517241379,0.103448276,29.72413793,47.72413793,0.275862069,0.344827586,2.24137931,0.551724138,162.2068966,0.689655172,0.137931034,0,4.586206897,0.068965517,0.413793103,0.586206897,0.24137931,0.517241379,2.75862069,1.206896552,29,0.881065425,0.935483871,0.725,1,18.343,9.050030814,4.280614032,-21.29945759,630.6206897,9,0.727272727,3,12,82,234,0,0,0,0,0,0,0,0,0,0,3
95,274864,95,0.352941176,0.294117647,0.088235294,0.970588235,1.823529412,0.088235294,0.088235294,0.088235294,1,5.176470588,2.5,2.058823529,1.529411765,0.588235294,5.235294118,0.029411765,33.32352941,59.58823529,0.176470588,0.323529412,1.794117647,0.294117647,131.0882353,0.705882353,0.058823529,0.029411765,5.823529412,0.058823529,0.235294118,0.588235294,0.147058824,0.647058824,1.147058824,1.352941176,34,0.842766348,0.894736842,0.607142857,1,20.51,9.287400272,4.999217712,48.35378407,660.6470588,9.029411765,0.6,3,68,169,325,0,0,0,0,0,0,0,0,0,0,5
96,274864,96,0.625,0.25,0.25,1.5,4.625,0.5,0.125,0,0.125,27.75,1.125,1,1.875,0.125,9.875,0,59,96.625,0.25,0.5,1.875,0.375,183.375,0.5,0.25,0.25,5.375,0.125,0.375,1.25,0.5,0.75,1.5,1.375,8,0.948334087,0.888888889,0.666666667,1,10.288,6.370370548,2.021149609,4.731161104,822.25,9.25,0.125,1,237,0,0,0,0,0,0,0,0,0,0,0,0,1
97,274864,97,0.666666667,0.229166667,0.229166667,1.479166667,1.666666667,0.104166667,0.166666667,0.354166667,1.208333333,9.416666667,2.520833333,2.479166667,2.125,0.4375,7.333333333,0.104166667,33.58333333,55.45833333,0.270833333,0.229166667,1.979166667,0.520833333,160.3125,0.9375,0.520833333,0.3125,5.0625,0.0625,0.375,0.5,0.25,0.625,2,1.0625,48,0.500715929,0.872727273,0.592592593,1,25.009,8.822326901,7.636709096,66.2163951,908.8958333,8.479166667,0.733333333,5,5,13,154,249,341,0,0,0,0,0,0,0,0,9
98,274864,98,0.943661972,0.197183099,0.211267606,0.816901408,1.535211268,0.323943662,0.098591549,0.23943662,1.605633803,6.830985915,2.366197183,2.295774648,1.633802817,0.436619718,7.943661972,0.084507042,22.53521127,36.94366197,0.774647887,0.197183099,1.76056338,0.366197183,121.1830986,1.971830986,0.267605634,0.647887324,6.788732394,0.070422535,0.38028169,0.633802817,0.281690141,1.028169014,1.901408451,1.070422535,71,0.733243146,0.797752809,0.563492063,1,35.785,12.32132095,8.378085918,13.58643093,1217.943662,8.323943662,0.11627907,1,295,0,0,0,0,0,0,0,0,0,0,0,0,13
99,274864,99,1.375,0.3125,0.328125,1.953125,5.546875,0.1875,0.203125,0.46875,0.703125,28.203125,2.953125,2.203125,2.46875,0.609375,15.5,0.34375,39.265625,65.78125,0.40625,0.375,3.953125,0.46875,173.890625,1.0625,0.4375,0.09375,7.9375,0.0625,0.4375,1.125,0.15625,0.828125,2.421875,1.515625,64,0.88856163,0.888888889,0.581818182,1,31.534,14.22384297,6.525291312,57.99741902,1284.65625,5.265625,0.631578947,2,61,156,0,0,0,0,0,0,0,0,0,0,0,1
100,274864,100,0.803278689,0.180327869,0.180327869,1.06557377,3.081967213,0.131147541,0.114754098,0.409836066,0.62295082,16.21311475,2.360655738,1.836065574,6.868852459,0.459016393,13.04918033,0.213114754,25.62295082,42.98360656,1,0.229508197,2.540983607,0.31147541,115.9672131,0.885245902,0.229508197,0.163934426,6.737704918,0.032786885,0.442622951,0.672131148,0.196721311,0.836065574,2.360655738,1.016393443,61,0.592968601,0.772151899,0.508333333,1,34.561,11.28865805,9.08991625,34.1054214,1338.557377,6.803278689,0.390243902,4,19,210,211,260,0,0,0,0,0,0,0,0,0,11
