"","ROIID","Cell_191Ir_Ir191","Cell_193Ir_Ir193","Cell_CD11b_Sm149","Cell_CD138_Eu151","Cell_CD14_Nd144","Cell_CD15_Dy164","Cell_CD163_Gd155","Cell_CD16_Nd146","Cell_CD20_Sm147","Cell_CD31_Dy161","Cell_CD3_Er170","Cell_CD4_Gd156","Cell_CD68_Nd150","Cell_CD8a_Dy162","Cell_Caspase3_Lu175","Cell_FOXP3_Dy163","Cell_Granzyme_Er167","Cell_HLAABC_Yb172","Cell_HLADR_Yb174","Cell_HLAE_Sm152","Cell_Histone3_Yb171","Cell_IDO_Yb173","Cell_Ki67_Er168","Cell_LAG3_Eu153","Cell_NKG2A_Nd143","Cell_MUM1_Pr141","Cell_NKG2D_Nd148","Cell_NKp46_Er166","Cell_PD1_Ho165","Cell_PDL1_Tb159","Cell_TreatmentDrug_Gd160","Cell_TIM3_Sm154","Cell_ULBP256_Yb176","Cell_Caspase_Lu175","Area","Eccentricity","Solidity","Extent","EulerNumber","Perimeter","MajorAxisLength","MinorAxisLength","Orientation","Percent_Touching","Number_Neighbors","X_position","Y_position","neighbour_4_CellId1","neighbour_4_CellId2","neighbour_4_CellId3","neighbour_4_CellId4","neighbour_4_CellId5","N"
"1","ROIID_1",20.7434180986489,36.7217803442778,1.18882057916767,1.49793709777582,1.21298970933415,0.506915101747383,0.659537925733234,0.255298866856697,0.504723367272602,0.488910640680598,0.931416889611289,1.14894308111131,3.50286062315679,0.567023716158869,1.51352118315552,0.457223573749416,12.6920806581717,27.8735707475608,2.28798868899394,0.72818548930204,375.845420729747,4.17295367268626,1.13793733849969,0.694567546966209,2.67509169633421,0.947481092831396,1.3099341659655,0.527788351990071,0.259560238885768,0.443837812493144,0.712962606237517,0.518763907699592,1.47213400463335,0,112.912431587177,0.724124327225252,0.870766237653547,0.606237624545351,1.07271305707584,37.1948577013292,14.7467161148371,8.87169432167442,1.82950051890691,0.670247697344892,4.3408913213448,348.425569975538,625.735055746255,596.206411258796,587.309616888194,563.361219702893,499.198592650508,353.096168881939,1279
"2","ROIID_10",15.1785667585292,26.3377448045116,1.34734168311156,1.70696205018483,0.885955603491802,0.41759670669688,0.287867481231149,0.1186401265514,0.542463297123989,0.723718123319069,0.487476611773228,0.418708982533918,4.60334048823583,0.483545278439482,0.678407670889953,0.280708747503525,21.9721367381883,11.443114186796,1.15683968610637,0.45973030053094,172.320783733601,1.96881156286379,1.36084926196631,1.60584999778068,0.984319081986473,0.463229715976503,0.903379479831843,0.496321112978004,0.157782715558787,0.266004566875804,0.413187113749528,0.246202158507046,0.774004201596966,0,77.6377891631734,0.71561739186622,0.887990932494049,0.620709967401681,1.00605496040987,32.2761779226828,12.5653986041324,8.1892624079549,0.596744070961627,0.79832768514109,5.1759043626766,541.443930590228,461.221527433805,3145.06443098898,3151.01800962583,3099.55038037572,2870.12808570098,2230.47368421053,6441
"3","ROIID_11",14.5837166354205,25.1313120436853,1.53725962920779,0.956004448303652,0.968941656749729,0.528286594667214,0.317791285501033,0.126007506585478,0.365265187861054,0.817950332891571,0.511313644862719,0.513030139236874,4.61877578715709,0.494565456889325,0.774442961352419,0.306061217401619,20.1432628022582,12.6925318099251,1.26841806880123,0.500330399455016,183.720532498982,2.2432141665842,1.28775851809623,1.23199201891523,1.17726148443261,0.47580434088089,1.44974824483581,0.484266843625184,0.154949085333007,0.277066490274229,0.459123943492459,0.676854544920953,0.799714942572486,0,74.1559981033665,0.711766706827377,0.890436094055927,0.62402403505209,1.00616405879564,31.0275931721195,12.1323037242212,7.92748102647119,-1.7876548131412,0.807421625753351,5.24608819345661,183.882110901295,473.420978355693,1022.04931247037,1033.53105737316,1031.18871503082,979.220957799905,768.908487434803,2109
"4","ROIID_12",14.0124255079651,24.1987550678972,1.41711519571674,1.8322986534884,0.972164334456049,0.409677501844988,0.30546887508071,0.1197816839179,0.430681419819634,0.668530766792743,0.486591431690869,0.443370968465438,4.24390212612077,0.502828428466726,0.727972213241503,0.310963460615499,21.9111923239196,12.1705672003718,1.20788964139752,0.524937380279638,166.227784037787,2.04280665595182,1.34541851900521,1.96164843096537,1.05066796002129,0.469286930076696,1.15289081434284,0.511589090525846,0.318916242950397,0.507051582831588,0.456317376142445,0.270558053398466,0.846678933754192,0,80.2705705140275,0.711293411928622,0.887667537675286,0.621853277013478,1.00866126906421,32.7924795707023,12.7038452818107,8.3444278311522,0.26873653476553,0.773601876279331,4.99755225004707,480.546281815071,460.424944612752,2591.80756919601,2601.8156655997,2540.4684616833,2322.29052909057,1757.05140274901,5311
"5","ROIID_13",14.3757497623509,24.7699240016879,1.17932297554039,1.53141617149966,0.88707488759721,0.412868609695572,0.263019326581733,0.112664974866405,0.434685223282718,0.63460760264773,0.432480619687825,0.36936365245701,3.72131333556872,0.478829385611324,0.656743649991716,0.276586398180365,18.4230980353811,10.6737193536095,1.04042876861148,0.446097623432911,155.337657027288,1.87330462563921,1.17365749345379,1.27157843785329,1.00704522370189,0.444811961245815,0.970556197166209,0.442993663094509,0.133511733974868,0.571253148389997,0.401942653288548,0.253359793606329,0.746710349891941,0,80.1258358662614,0.724307889498375,0.884232786521624,0.614295619148838,1.01215805471125,32.9647139817629,12.8599949008652,8.23983107578106,-0.106742463380295,0.745747308416559,4.72948328267477,385.80348083949,421.599475883136,1596.6376899696,1602.4358662614,1562.87720364742,1356.83404255319,946.364133738602,3290
"6","ROIID_14",9.90910074490836,17.0789966924529,1.22048122518625,1.53372140969882,1.00728949440557,0.527273294729559,0.297588237897152,0.10793705609998,0.476081638784797,0.663752245074297,0.424527203458441,0.48920483899742,2.65477468799387,0.467280482087996,0.662075187683263,0.284015002520564,13.0359659173231,11.515955735502,1.03274680630634,0.481560199936499,138.45449274278,2.13749024589786,0.77062698719278,1.86801017992305,1.07369983050973,0.468353732489215,0.798013735809326,0.389010642394587,0.189027884680304,0.449085332868333,0.523219163211055,0.323682222493482,1.0794080206415,0,84.6190670197596,0.722511361403306,0.881738108752552,0.612105125914822,1.01548176818089,33.9080620289265,13.2148818022239,8.39754760204267,2.669232107784,0.74535992526749,4.79629252393563,727.675795990632,750.196001194278,4813.76481971888,4788.70554084335,4631.52067630882,4092.04939906295,2994.15471582807,9818
"7","ROIID_15",21.3533639344555,36.9917828698749,0.666683628816793,1.58240499641515,1.10253943204655,0.317987245156247,0.602799404038301,0.11189567255358,0.439222236440958,0.474334112182661,0.538475617113333,0.798822714994299,1.52294006848418,0.357430076904444,0.614083409675293,0.283747453731068,11.1870498626325,14.773586275453,1.16608210472216,0.544151653363389,166.946528846288,2.15917425063438,0.947511921788768,1.11444769609915,1.40183142438735,0.529183243659278,0.873745060304763,0.424970329277896,0.182597440113845,0.350942814732567,1.01264943331821,0.355253370601914,1.03353651216973,0,105.517186673718,0.731739663943755,0.858658501739044,0.585705572362348,1.05658381808567,39.3928619777895,15.5759384779361,9.24455994845563,2.67340343246046,0.559784955032045,3.51771549444738,628.772068934907,593.894619905483,906.367530407192,858.132205182443,729.417239555791,544.277102062401,318.125330512956,1891
"8","ROIID_16",26.6010426081149,45.7786758375645,0.581897044844481,3.07903001718014,0.983454041985434,0.321618973133948,0.344178980209164,0.0890380320771917,0.491682768269213,0.311527213769592,0.404714231640295,0.44761358983091,1.2869596324589,0.26919011810013,0.456063962736533,0.217990975844067,5.89988279903733,10.8361351509654,0.909851691159267,0.44046968204794,114.883248922438,2.81795942515948,0.602366227459414,1.39344524103898,1.15959995878781,0.41295493332315,0.871262439244713,0.315584184787469,0.141514404985315,0.262840384055305,0.785126396770224,0.277839285988219,0.908327339179396,0,96.2550930026572,0.724036723434948,0.869657673855667,0.602641250319234,1.05934455270151,36.5691665190434,14.2969093573372,8.9154371136039,1.53589235852773,0.538872516144361,3.42249778565102,353.712949645683,420.258657123835,495.222320637732,423.630646589903,330.476527900797,255.620903454384,150.215234720992,1129
"9","ROIID_17",6.16952700330781,10.5522378394705,0.234315195564954,1.41074640754226,0.782555603901328,0.118742971140957,0.273593174583441,0.0773996840404611,0.977891605537402,1.21127651315629,0.195074531570251,0.234929782082216,0.344122870211226,0.15060161859493,3.14855834745968,0.199969706176656,1.90440489107872,4.43695408627597,0.53092593579393,0.304538456158408,51.6904871236046,1.9135574039105,0.13100419255959,13.2685218672451,0.660323179983658,0.324721872219851,1.52149582258871,0.192051979084773,0.13476588805422,3.98010367019321,0.41464810053027,0.419202359931298,0.567391244758034,0,109.998587570621,0.770701111583578,0.823102898878927,0.554553393468017,1.19491525423729,40.8793036723164,16.7116889884981,9.26913702224643,12.3729988015822,0.253415075398756,1.74858757062147,563.448941371428,476.900953285627,244.665254237288,180.631355932203,117.043785310734,62.4505649717514,26.3912429378531,708
"10","ROIID_18",25.6619224638597,43.9545205886056,0.337075465205541,2.20874325462847,0.550193690088595,0.121073561180766,1.57361994312937,0.08675706594888,1.91113925960557,0.224567643875764,0.154753144823204,2.19827992820418,0.516123495041883,0.117873924598955,0.173816030855834,0.138386228227987,0.959064113913611,2.90675496595393,0.400966648932661,0.30221795974753,34.6526866271785,0.678554848689778,0.100007858738984,6.75352815055732,0.545644383649832,0.457894123372405,2.77079097692484,0.229583798440568,0.134390390059929,0.242195304753166,3.71433765553722,0.758585456551434,0.833716527444328,0,127.622222222222,0.741977402302847,0.818092578246268,0.55212345459089,1.24,42.6547333333333,17.7645940964463,9.73205589937567,6.65268036922816,0.256795020120361,1.55555555555556,513.220577360502,446.229282974256,167.784444444444,117.173333333333,45.7466666666667,13.1288888888889,2.23777777777778,450
"11","ROIID_19",14.9777030292211,25.5250145647117,0.490042685990457,0.988692958124172,0.753271303869722,0.285466573381855,0.359513583648066,0.0698791466564276,0.245514005976806,0.495491766469109,0.332886872163747,0.592714855626574,1.88993121721242,0.206152778297239,0.459079513745747,0.183953699512014,4.71969521346759,11.8824470377448,0.734439008273068,0.393391977103711,94.3624720380329,1.43837632748624,0.361105659903432,0.768686685335151,0.742980828172555,0.303048172329879,0.480917468617189,0.274908690533629,0.141199042437504,0.256129992513233,0.602366398990961,0.289484654627281,1.26435879105622,0,109.426573426573,0.741826587683851,0.857697193093976,0.583351375960011,1.03170163170163,40.3568,15.5278080034511,9.40149898489057,3.98206141067731,0.654333491362099,4.30955710955711,481.957931108359,544.926486156955,1035.54592074592,1022.12867132867,960.717016317016,809.459673659674,563.81351981352,2145
"12","ROIID_2",20.0114469856827,35.4394194028137,1.55353696473628,2.10942002406445,1.39822950152173,0.581233802089592,0.649459406043007,0.25127583058834,0.525984823245196,0.722832801124583,0.792923799835117,0.862271269165808,2.74542545950411,0.473680335806761,1.28360811660763,0.462158821000811,16.4854978580256,26.8507675305597,2.08152266389938,0.718632670418831,338.324427842837,4.15109670657872,1.40333186853972,1.56441551693259,2.87902089192902,0.938327492109745,2.76049415236187,0.565410179833232,0.509245003481571,0.522231033911806,0.757782619701169,0.706954506402666,1.3963342048875,0,121.552619589977,0.735621168928681,0.855643861479263,0.587981322470006,1.06605922551253,42.5245002277904,16.3473580810944,9.82018512100442,4.80692957872969,0.642019868524252,4.23507972665148,465.030524549798,547.975285321204,1049.91662870159,1022.97312072893,932.518906605923,762.117995444191,526.986788154897,2195
"13","ROIID_20",10.4323234004987,18.344214217522,2.56199018426342,1.24680073352624,1.75309451112741,0.674867438790043,3.20783971823879,0.553744501945616,2.36909151974231,0.574233976035911,1.45955777113833,1.25682688549669,0.666658789908979,0.663047310547245,0.723208809594611,0.617712084323808,4.98980355020873,5.96292473327872,2.36276350812576,3.49809748653676,69.6294845430291,1.6904705993789,0.973700960054909,2.29910974840315,0.709113282341942,2.95120556384976,2.46619397934964,2.43890472238283,2.63518754886908,1.71006682504565,2.10819380114386,0.925901497316179,2.20732255907214,0,107.101839237057,0.731692600621955,0.859171992245724,0.591150142269421,1.04972752043597,39.1581723433243,15.2523025023976,9.25337012565849,1.42586551917282,0.562091298884763,3.6716621253406,1214.03215407296,727.015089847793,1387.76328337875,1273.19482288828,1086.40837874659,832.45742506812,546.672683923706,2936
"14","ROIID_22",9.64190610807342,16.38601300689,2.5658086584684,0.997653284328331,1.72731668788481,0.409370040159104,3.25147872209771,0.45919829614468,2.25015231669577,1.05714421511185,1.61884662959949,1.25494911005483,0.534541180141899,0.714283216791374,0.730440891124008,0.625839170187017,2.00878877831924,8.98191269355885,2.55816085399169,3.44941680521274,65.0024274896182,2.24177130833705,0.810530993760908,2.0312441232546,0.684317965007674,2.76934048427589,2.33081548457739,2.34567925259526,2.64793443518441,1.70657732768698,2.13441203800622,0.924979182458058,2.22990501588859,0,148.777923211169,0.756127648967442,0.835966247833323,0.5676010274615,1.08027923211169,47.769652486911,18.3378804319694,10.5849276562134,0.483098162048204,0.604476915446683,4.14877835951134,1048.61452872561,850.779567352704,2156.64768760908,2023.8167539267,1789.45047993019,1440.83616928447,976.741055846422,4584
"15","ROIID_23",12.9325694458387,22.109583612046,1.58498032873638,1.43639547428766,1.67015496907108,0.651551889731027,0.478323383724461,0.171379303114448,0.848207579944662,0.467861000085275,0.518611345784859,1.06703771921133,3.97483744744405,0.359579860726389,0.972725278085534,0.308278007021182,18.8705656172414,14.0305684192052,1.52048070924832,0.675470531637406,202.647388040679,2.31875830154782,1.55732338324048,6.81655638942588,2.16435883353148,0.772863372543344,0.903200370866382,0.582860163359027,0.60819152190804,0.464295971961524,0.759817345269853,0.650161566819244,1.51105393164312,0,103.627495462795,0.735895161924085,0.870188065020598,0.598719349472334,1.03221415607985,38.4869137931034,14.9755599839906,9.20386407345072,0.848708450914763,0.629932273461558,3.99364791288566,464.668182999962,437.845183416573,1061.87522686025,1029.92286751361,899.470961887477,706.129764065336,415.883393829401,2204
"16","ROIID_24",7.83853181994742,13.1996761572118,1.99735008265253,1.07743208726621,1.28967660746643,0.665360222612344,0.352932411566519,0.14559863066147,0.781609234960259,0.351937793145526,0.435616985034014,0.728634571060381,4.03903353413717,0.336098894565902,0.758041256778832,0.238822220581819,18.5342105284701,12.1767592920513,1.30235044886172,0.551740582067787,172.058880538553,1.8243734281281,1.38521541025466,2.89214723439844,1.58084538123673,0.63346177862753,0.969715296993694,0.504773527891064,0.182543062166507,0.306906351861657,0.56751944569716,0.426208840586805,1.18084354320483,0,81.3837436498632,0.727115225067793,0.887128384781715,0.612565506127894,1.01211410707308,33.0488937084799,13.0710818719012,8.20516251219263,-0.446017704102354,0.596402203564015,3.56232903477921,509.099647196423,541.978504593311,1246.45330207112,1209.63071512309,1013.5041031653,688.427901524033,340.409925752247,2559
"17","ROIID_25",5.8714554383308,9.83543387614585,1.88378436142538,1.24422959043593,1.14127274691881,0.698889493311368,0.355759594943277,0.130068605586218,0.527575529489773,0.32068746948231,0.367072138287468,0.77954217917361,3.1076939233248,0.27790025661301,0.75723329207626,0.211289281882737,9.7729412057232,10.1279076516761,1.139181737962,0.480338116795369,148.981309333425,1.71435331073166,0.748410300603594,1.22860277412005,1.66807376911938,0.647631069410776,0.715907316860501,0.349280805368724,0.167333151268788,0.275339818979833,0.499882528644156,0.448469500075123,0.946022223981374,0,84.1950338600451,0.730136974566569,0.884750903138655,0.615570370491208,1.0176072234763,33.7180984198646,13.3095702553212,8.36771668430641,1.01648033191259,0.58149613923364,3.43837471783296,548.422055995884,470.861518534491,1062.08623024831,986.220316027088,806.211286681716,525.76388261851,267.60993227991,2215
"18","ROIID_26",3.6417205687314,6.05798735781579,1.13729353661755,1.97327791862303,1.16622015679385,0.573436243931703,0.382478402153833,0.134111443957174,0.50568215762807,0.262905211297211,0.344998768019107,0.794233917812414,2.33222239292515,0.34704016913917,0.646594081497126,0.195015491807671,5.92751531903567,8.78170551427868,1.05344445898415,0.477717244428576,127.956733188658,1.69908212182726,0.651706279781015,1.23092932827399,2.08448680979696,0.668548741729608,0.5424356154545,0.312921250369414,0.177714339829028,0.458787380791346,0.561007473423394,0.431637652471171,0.968445154182125,0,96.935170178282,0.736060173990022,0.869915633789817,0.598420219138678,1.03565640194489,37.1143954619125,14.719776927596,8.84865721355752,-1.41805974137733,0.456270643436249,2.59967585089141,393.810433325097,368.746409510962,279.868719611021,241.228525121556,150.059967585089,79.1555915721232,30.0583468395462,617
"19","ROIID_27",16.4132733038255,28.4023079304182,1.4732448066036,1.51592699006771,1.09688419164083,0.803972772491365,0.562851086873647,0.322988221007344,0.622519480835992,0.338866226849595,0.501078701719782,0.843265631829673,2.15095209763545,0.34952272122174,0.751623140827824,0.280654377535895,10.1138900457614,13.8940872495842,1.32223107521582,0.593154809378999,217.628805620999,2.28895673344267,0.980671465874333,1.29880475395634,1.96028941876978,0.847766921251382,1.06722613584986,0.368854768634672,0.171990729175666,0.421854002429549,0.562014674144226,0.507324676513806,0.93653051868065,0,90.449418854929,0.723469813442711,0.885718646780419,0.613505593350732,1.02109341368919,34.9033327593629,13.7305969518937,8.67686871639292,1.78816545870763,0.618678184789019,3.79250968575118,547.745306911022,520.388688651246,1121.79767541972,1097.06715454154,961.368489022815,711.060697374085,412.635815755489,2323
"20","ROIID_28",2.65599206374724,4.59122162490455,0.954841240486097,0.9338443721139,0.66355444410969,0.445631348007929,0.216456828594522,0.1553343830502,0.319293091287664,0.245092519055443,0.233465928505304,0.463682669363848,2.00534589845393,0.262568822074454,0.400170071197133,0.144219324701707,4.92755620175293,7.15874734265267,0.613011059825726,0.36217311100675,86.8252466681359,1.01080282270065,0.419552518484734,1.79027528753865,0.886823530670239,0.524860329254747,0.771146158288198,0.196238572658132,0.101675006323372,0.165871211236857,0.337026241944027,0.367975700295642,0.491461158172977,0,92.1441241685144,0.722180705883013,0.881599223934212,0.610307926052068,1.02549889135255,35.3545454545455,13.953473366845,8.73874818734001,-0.489303617180302,0.505099386091564,3.04656319290466,500.240337220751,364.359163978254,398.292682926829,351.172949002217,265.461197339246,167.860310421286,95,902
"21","ROIID_29",15.5253306516375,26.8716400824481,1.22098535002033,4.27693261186127,0.911056110230281,0.538381199790497,0.340113442649272,0.178922115717684,0.51368125706374,0.479426572164488,0.525881866449209,0.666495340251501,3.08748123945806,0.473429314108361,0.738509846625404,0.267455125908994,16.2799202454912,14.6614446657478,1.30782451714096,0.577652589548811,191.569362003404,2.00858186534391,1.1984380935015,5.08825496478835,1.28863442194097,0.687907131320076,0.657439273802313,0.454363748254209,0.183784423571544,0.254526578031603,0.55160919840528,0.349634647370611,0.977975670424936,0,76.6377005347594,0.719919769629965,0.885975678285551,0.618984049841635,1.0307486631016,31.4476470588235,12.7417266287544,7.97020311013377,-0.591817927802665,0.617192837036236,3.76470588235294,585.056783204344,187.659421329287,317.25,291.540106951872,253.100267379679,199.482620320856,118.239304812834,748
"22","ROIID_3",14.765452391371,25.897440750728,1.42299857983528,3.40585471512169,2.06824383209086,0.531599041427459,0.57455632921483,0.232720879026792,0.572565692693449,0.953692159706023,0.737946982069557,0.924500759158735,2.09951423780472,0.633076969094824,1.70049550622147,0.41713851932821,7.86519764105793,29.2531425869323,1.87334050880607,0.805186307384305,284.698253891018,4.25282647012657,0.651384412942612,1.91150380237333,2.55147500582526,0.830540832095955,1.11586421350592,0.392526709478062,0.209461490853263,0.463730318415636,0.688127165071885,0.52243169492075,1.39344184337793,0,99.2087332053743,0.742819012358134,0.863874112584565,0.593339394037402,1.06381957773512,37.3960287907869,14.8181363717158,8.79784857561576,4.04341287170378,0.69811117806919,4.55278310940499,478.408497075172,295.546284006233,996.414107485605,987.530230326296,928.999520153551,804.56669865643,581.907389635317,2084
"23","ROIID_30",27.4820442120667,48.0390204319353,1.93199350743715,2.26417409055282,1.39468148541437,0.718159332324159,0.368976548568012,0.151266687702955,1.30349653114693,0.506041474195139,0.675889921496736,0.82366532558329,4.35514900921693,0.615994119731993,0.981318107347905,0.387323998944153,19.4891711427644,18.9691412813129,1.62867303776055,0.647276835171933,277.877053408864,2.69526369573294,1.55366590010883,1.8503345604997,1.9208234558994,0.719827465325333,1.82052013136475,0.560588795402511,0.207022841915223,0.599044606415952,0.696636139672341,0.395712558474046,1.25847534963732,0,96.8939857288481,0.735061462487584,0.877978941628017,0.605774119495257,1.03669724770642,36.5825932721713,14.6198832606386,8.81108681770535,-2.02237367829184,0.56574141105815,3.43323139653415,598.685877251591,632.930212191035,464.190621814475,438.75127420999,371.833843017329,262.670744138634,157.114169215087,981
"24","ROIID_31",38.2272313568251,66.2788846727706,1.26007584848077,6.50539070672186,1.34512120206284,0.601710704805358,0.321440795821807,0.11221394223372,1.3460921375767,0.591630480269536,0.468594191298196,0.685333005115968,2.9494477746976,0.449081445567021,0.693603829857085,0.278897002301137,9.94348042028355,13.492844759238,1.14674171037417,0.593583744358666,159.387918824128,2.35312272455153,0.942288281887997,1.31177446222484,1.83350816379888,0.526397247853271,0.607210492062228,0.411490761401678,0.165902157265087,0.299750652590856,0.582084614691207,0.352688236857034,1.07134790698836,0,104.763591433278,0.729876888695254,0.86880488583842,0.594662459824732,1.04365733113674,37.8944950576606,14.8757355957793,9.14674830342738,2.92361909819081,0.585269853213533,3.71169686985173,613.516986561281,500.169848250673,561.050247116969,528.411037891269,448.635914332784,330,199.154859967051,1214
"25","ROIID_32",10.1904857932151,17.5744773933233,0.683261359095169,2.41260844626044,0.971116085775633,0.360633433792638,0.329952727099932,0.0868196667739867,0.513218533833556,0.715726256623565,0.379276443177449,0.619423680315235,1.99002562510867,0.308299658687314,0.680891120775419,0.266628862111911,9.62697061867502,11.7303254238509,1.03291468387277,0.475298410719096,136.962437336958,2.46293226612167,0.669161035087134,1.03218459169598,1.73220755827631,0.441853668894296,0.846483188021873,0.352432336397745,0.244906620507019,0.284942716118628,0.624762531079422,0.304566838741101,0.911982955847602,0,94.8670416773204,0.731378957400206,0.867899574393624,0.59768426480804,1.01968805931987,36.7918215290207,14.1936707878375,8.82378938053106,1.20615002807906,0.701713288483221,4.56814114037331,449.006000214698,514.018404910037,1904.00843773971,1897.86908718998,1817.92252620813,1574.77678343135,1103.21145487088,3911
"26","ROIID_33",7.67357428512735,13.1553253371867,0.823623706071497,1.83970549505648,0.83349641069068,0.36460261067397,0.253953113721045,0.0776853807384322,0.310517428652375,0.413912861180864,0.351852186368385,0.462415160189954,1.80075199714712,0.250072152196094,0.512577276367568,0.212738166577289,8.63036887904504,8.48604362034076,0.913785940143425,0.359443611872139,126.582241149754,1.80922755978427,0.650665706447685,1.54532260874125,1.37361814913562,0.378578742989543,0.788273924694324,0.287966193135842,0.121064460213918,0.233030704682525,0.453086431868291,0.352281144625212,0.671207787847764,0,75.5237724084178,0.72631664991265,0.874931784115524,0.607651801430981,1.02961808261886,32.0408199532346,12.7207100918041,7.95370300150453,3.5480929413844,0.638050896278132,3.96726422447389,568.553638254827,206.945821093562,605.678098207327,594.077942322681,539.629773967264,411.333593141076,236.699922057677,1283
"27","ROIID_34",8.57224746081022,14.806965100475,0.731010388194381,1.31604610949443,0.803340233219707,0.365486083349586,0.248552893462179,0.0727997732785452,0.301081863802594,0.32102182309699,0.330098455876468,0.418543145339162,1.97609371003756,0.228872761998685,0.479918737068233,0.201276513855108,11.5080138704887,8.25888032830565,0.890448161112689,0.336231081507289,124.224952819981,1.89342186743255,0.85685929790706,1.02112549579224,1.42414855299673,0.359261638186652,0.685328834920247,0.327522360541111,0.134856955815651,0.276478231004308,0.472965543298748,0.251639498853423,0.664225472032792,0,82.3025866276232,0.722300043163393,0.876500987118017,0.608197418228597,1.02000976085896,33.5678555392875,13.2185555681486,8.32466879925177,0.121759612745124,0.662829598222986,4.20302586627623,461.411727816025,318.090236896649,981.093216203026,976.364080039043,903.669106881406,745.279648609078,483.284529038555,2049
"28","ROIID_35",8.76593633880422,15.3849671304946,0.571546160574053,1.91677286085605,0.596808433626233,0.369340392777358,0.179218643016626,0.0433067536793195,0.263428811824078,0.424137336204203,0.205426514320501,0.436618482128096,1.34645589155231,0.196716514369379,0.28521579386683,0.137635436221936,3.42381262587902,6.49153633767232,0.515095440080661,0.288673456227161,65.9825737511847,1.20298039689291,0.262567055899405,10.5271293953908,0.896716108615579,0.267678933027862,0.507351952388749,0.189286713079527,0.0854729476990239,0.487570357996787,0.387217442589537,0.195651798098903,0.721283388454837,0,114.527495995729,0.748536756284013,0.841968735084336,0.576124519762281,1.07528029898558,41.4572167645489,16.2745857632885,9.62645013125341,0.445292068380133,0.550704448232026,3.67325146823278,407.105043485758,541.923044606846,877.077949813134,826.945008008542,726.652963160705,591.234917245061,391.27068873465,1873
"29","ROIID_36",13.3973155966052,23.2254579970847,0.684786916230754,1.91196987382868,0.724044491802248,0.515152633561737,0.207063562164196,0.052473897104998,0.276294226275715,0.370236337554778,0.240063307096878,0.415518078382051,1.0011999602683,0.203471265373304,0.31709601157496,0.153678373592406,3.66453366494914,7.51791367637322,0.62659387461201,0.300052622745959,81.3862824022969,1.3167235028915,0.283449521473329,0.260479072317454,1.19026401711224,0.27961438062334,0.391952371887184,0.218834638486039,0.0931576967623556,0.200995833404213,0.443339225847793,0.207313084408855,0.832211433193477,0,112.549946294307,0.737681921055945,0.849004301207706,0.582830680071665,1.06337271750806,40.844693877551,15.8988673246659,9.61830604721614,1.6996888366674,0.53421743979109,3.44575725026853,327.065545654557,438.909181118262,440.232008592911,411.113856068743,349.859291084855,251.950590762621,150.242749731472,931
"30","ROIID_37",10.2154854813172,16.0572533387465,7.10123907862866,2.12865130573092,3.80563251591162,1.93962736431933,8.45593272400225,3.13716920561118,5.33946518146417,1.5618516542468,2.71001749951187,3.61228924370089,1.34426158466919,1.67075237012679,1.77139592962571,1.60420063007997,23.5273083618061,13.3012637538983,5.79201105716278,8.42128207870632,176.511875846896,3.88789558581637,11.5895396372415,5.44806664501128,1.48927602334453,6.54754592079285,5.57782445916624,6.56747342231553,6.9107400795221,4.33981502183728,5.68408162909459,2.42267759882206,5.00763201452488,0,111.626406441636,0.728664812003887,0.878115289749792,0.605289639216614,1.0171172612382,39.623577454274,15.1922255938976,9.57941132163088,0.727448605418469,0.68547283139538,4.39503012851277,1200.71743801672,1042.52557624076,9185.52188983096,8944.73753532768,8297.51442435877,6874.64906948222,4628.30379139338,18753
"31","ROIID_38",4.16032140031568,6.28487681678838,4.66586201072018,1.4889631671022,2.67512918142983,1.20317591371038,5.47251923652614,1.8455150466171,3.57587356954918,1.0329253492457,1.62008956763549,2.30189181279897,0.886639514239071,1.04523757664453,1.0656648721844,1.00104789537074,15.2653894847548,8.22973974002206,3.43596780978173,5.59432527261089,105.680201290907,2.32187867169713,6.42662036062431,3.56480300270108,1.00315279601359,4.51429354078162,3.77471268933387,4.08770248950239,4.27010831870753,2.76887571816015,3.68380853380866,1.58085703739701,2.94492734764734,0,139.465628722137,0.737250961869213,0.865806675370455,0.590011914833214,1.02194997447677,45.6174696273609,17.2444371162049,10.6522566030024,1.41089875640003,0.634329095185036,4.12029947251999,982.115461686491,1077.78337919587,5730.74255572571,5506.49693721286,4948.56959332993,3835.84311723669,2356.73983324826,11754
"32","ROIID_39",10.4202974627594,15.596878755666,6.32617358268746,2.21663724647385,3.8816718091337,1.75640036027973,8.28056957434018,2.04929576860117,5.33691057215616,1.36896731047642,2.35266893040033,3.22368927423665,1.17067058541925,1.53717476434325,1.52190133396206,1.50432530880005,13.9855764149285,12.0544067410581,5.08190656486834,8.46151347791955,177.089795081992,3.38577151742453,6.53549085246413,5.42343460996583,1.51263258715389,6.96308413455674,5.75699079211903,6.06472097416371,6.54295820563629,4.21129264515359,5.5317020125212,2.3712702849038,4.18783455747289,0,106.532724181895,0.709501580723613,0.889847265425796,0.622271103390606,1.01508712282193,37.8945888227794,14.543438803854,9.43648680895894,0.480111687978799,0.651930544135112,4.15724606884828,948.031192481494,902.449557815779,2283.84764130897,2199.92647683808,2016.47556311092,1589.24585635359,992.434339141521,4706
"33","ROIID_4",17.9718134241313,31.6694272287095,1.49642669607822,4.25995178362726,1.73627224283601,0.511458159594826,0.617565465621675,0.238645599130884,0.691056369936372,0.964874141322402,0.862168272278555,1.13655121170424,2.39518671375682,0.786229496772323,1.56535886389103,0.45002053373695,9.89012972475321,40.0032526716261,2.12334261232327,0.85663398396336,326.593729077753,4.873249361335,0.899460224579488,3.53992810041299,2.9734181629844,0.886744609473989,1.32877696800984,0.433014519397605,0.210618971621251,0.640335818787593,0.761555210117548,0.574651659636013,1.48558497566844,0,99.1662524164595,0.724080123866034,0.880918018584396,0.607688431549653,1.01242750621375,36.8819044462856,14.2295531214766,9.01117972000519,5.18664388001482,0.730712774347541,4.67384700359017,404.14057805143,835.806561591841,1773.93482463408,1767.08837337752,1696.79536039768,1488.61888980944,1044.07925987296,3621
"34","ROIID_40",6.88374101458822,10.1863877726708,5.2738904109148,1.67481443208339,3.20947690668033,1.44216784593111,6.77299930237181,2.08159553715149,4.21965106604162,1.17247489203278,1.91209919352172,2.84368117466859,0.980025357131845,1.23789391758276,1.22684427380232,1.20717885834746,12.3680984092197,9.85605006634598,4.03855711333376,6.69440619268357,133.957859507488,2.77784283469736,6.51057239056705,4.10968547136035,1.20009716935677,5.36389279419726,4.51720335604038,4.87067938359424,5.20210904924357,3.37264353564234,4.62354869678161,1.90569341990298,3.32623232793271,0,121.609346733668,0.727119029638086,0.872498624391278,0.599753926109701,1.03517587939698,41.7861539698492,15.9832862219506,10.0712589090365,0.338052049639924,0.626671738723439,4.09065326633166,929.743148763886,990.583742183992,4786.49648241206,4533.52874371859,4099.59648241206,3337.00673366834,2229.68934673367,9950
"35","ROIID_41",28.7492783576562,50.9631193131745,7.18182765950822,2.21634150865326,4.46729881609609,2.67164444993566,8.84783852261582,2.01180235327977,5.99832002059859,1.4437222863946,2.66371790818781,3.42421039027735,1.25365735319103,1.66851104847531,1.98545434720042,1.62272366719293,18.3548062265553,14.3361658365993,6.53508673229367,9.22083334146044,226.137733061341,4.48701090176759,6.45067169708696,4.91930672786196,1.64329689547052,7.36010182062574,6.24209989510047,6.86006908532141,7.19141739681055,4.41169497197306,5.90419876099535,2.43965792257304,6.04832166921048,0,141.087056128293,0.720312254315486,0.875434121322661,0.604144830768589,1.03579610538373,44.4107250859107,16.9038652752396,10.712562354737,0.763468498255601,0.550746579884238,3.50171821305842,759.093665958216,819.956139452406,1639.99856815578,1516.47164948454,1282.18699885452,929.756586483391,547.165521191294,3492
"36","ROIID_42",19.0884052047491,33.7326594459498,5.56180026742093,1.69099307585342,3.42473429537045,1.98716751998077,6.73464397311484,1.72785763403683,4.65344704763598,1.18869252197409,1.95892659289845,2.58270855222949,0.990859115500115,1.24284319182613,1.49817165103086,1.20794966625174,12.1193845725451,10.5642845086736,4.76641458235272,7.05428886824062,158.886729700415,3.3125071408014,5.46656562740607,4.08604187206675,1.22574509796558,5.50314830584027,4.74107229996601,5.0732511814472,5.36457455768406,3.28614387871573,4.40333561546634,1.8829322816107,4.54594368173667,0,125.51247377011,0.720152493936877,0.872296494734855,0.603158255852724,1.04733038004197,41.8696211238051,16.1150812445134,10.1515111085636,1.02237172712921,0.562595273646113,3.61296339473071,845.944141502924,747.980728338765,2016.27372347867,1859.12800186524,1570.9848449522,1173.41991140126,697.121706691536,4289
"37","ROIID_43",21.0556383109097,37.2019791726587,5.10921083270738,1.546099854923,3.13173322454288,1.77148836559524,6.1612150336408,1.4420448703192,4.28029454920491,1.01544486679525,1.76842506854888,2.33234948850821,0.913156466441214,1.11202397077311,1.35461766966932,1.08972561400379,10.2195252520171,9.55968761577071,4.23384101725255,6.47335383181674,147.655256727127,2.92376392563777,4.52516456621415,3.97225613125195,1.11544819236564,5.00674799836532,4.35526700343229,4.58134250551421,4.83690972082599,2.96499394382916,4.01733910902095,1.7274396989424,4.07811604611841,0,125.039373412362,0.685300461324661,0.885372575478022,0.620718009403716,1.06181202370872,40.7644301439458,15.4874969518298,10.3047821998632,3.60665423450599,0.492339780577714,3.14140558848434,735.25612574506,717.135367865269,994.057154953429,885.142675698561,758.812870448772,582.917442845047,347.116850127011,2362
"38","ROIID_44",20.1894354521911,35.6694725695607,5.48785284574396,1.72954453716368,3.28955436175319,1.87725100226623,6.48095178801367,1.6256364256635,4.50413642819271,1.14579940120235,1.8620613886974,2.47176419273661,0.952415749191586,1.1896570929673,1.4456855369104,1.14581398790496,11.4661659873955,10.4380680376242,4.53591466103252,6.83144944877832,151.226518069627,3.09167593233348,3.95652313751292,4.22311452381798,1.17011566146964,5.20091603561622,4.5650675105539,4.81080118872109,5.01578198435991,3.12838374046249,4.23543368413938,1.83260995765191,4.39034640823479,0,124.512538743308,0.708105215197654,0.884288238388906,0.616914879853653,1.03043110735418,41.3666982248521,15.845749047227,10.2224906494768,0.754138620015403,0.549685814851952,3.46012961397577,671.010618636923,919.399477087329,1599.68357283742,1449.17666948436,1210.24852071006,906.455621301775,528.350239504086,3549
"39","ROIID_45",7.22624502279903,12.6099914160842,0.533505937653522,2.55808897005767,0.623681023229095,0.424746941556777,0.176987389797144,0.0578845438295037,0.488360748638524,1.01597276564008,0.289028425597761,0.372824854223707,0.485777343663386,0.296821183376319,0.310513091960897,0.132025724802908,3.36402115169767,6.86510530255796,0.912924448539708,0.270473943513692,96.8240780772154,0.793202569091109,0.450288984387877,1.66715762913559,0.568830627736908,0.445211916968296,0.423503518026859,0.213483447803297,0.138749487999807,0.175312210978015,0.516477749881228,0.236895672098455,1.16123280398319,0,165.867342799189,0.754721891139586,0.840929588051984,0.571959742870455,1.03367139959432,49.7067099391481,18.5461023058621,10.9049388839998,-0.0697809272706625,0.677282445177714,4.64421906693712,538.887571654762,510.824893217103,1182.09249492901,1175.63164300203,1105.75212981744,937.683164300203,664.940770791075,2465
"40","ROIID_46",5.50136609245046,9.51872529706823,0.388136657389383,1.33188173621559,0.494752636837199,0.393305479501058,0.145475755799212,0.049190060149405,0.466570232605656,0.488863402317921,0.210443291668194,0.26702621357127,0.419940186926284,0.218301650712758,0.221284434486404,0.0961115885039627,2.28843504196746,4.97112863247942,0.683656946539642,0.190762580666168,70.8287957072388,0.522127929910036,0.30240798780599,5.48013563163964,0.400227868261198,0.316672149222741,0.241409924156568,0.166326378829074,0.117910425812314,0.200344838126214,0.435947989207591,0.280091259702691,1.05229451875109,0,163.326427771557,0.76455087455074,0.823640060414132,0.558443887174092,1.04871220604703,51.4857894736842,19.3153171663646,11.0509378331921,2.06635666626466,0.59888907120503,4.23516237402016,561.407864882567,627.594550655058,850.436170212766,822.402015677492,721.989361702128,550.990481522956,360.129339305711,1786
"41","ROIID_47",6.00340348811578,10.3767923973402,0.339393063305992,1.83892921562949,0.455325329234193,0.26191765721557,0.140741284443486,0.0547105149229929,0.58451590668867,0.522151735809111,0.226381464878105,0.266417849335168,0.370434865433272,0.214376028778077,0.257362847268152,0.0954760934358888,1.79524945865119,5.47207271408578,0.801951920653867,0.20892793830505,85.8364576864752,0.596307679931167,0.243680544766967,2.04814454880258,0.404139467298831,0.354806886215143,0.306916110713686,0.155277089133053,0.134530823997192,0.149794821229356,0.379984707376619,0.18463191149463,0.888828043532584,0,143.385631709331,0.761084698372887,0.839839267895705,0.569871031566882,1.03757225433526,46.4167910817506,17.4993274689005,10.1470340830512,-0.0719056667778329,0.645790386478048,4.41618497109827,484.922217332668,420.831463662269,1163.38109000826,1146.22914946325,1064.25846407927,873.14161849711,592.8848059455,2422
"42","ROIID_48",6.66048236642426,11.4365669065879,0.199382569943007,2.33525798967727,0.337706830717937,0.0923744534893403,0.123724743893075,0.0701279228583432,0.436481992968136,0.270707698835158,0.207245063380859,0.133808162420483,0.18751504184103,0.105910931895802,0.262080534630513,0.0816373974662051,0.746741612204654,5.93446650340392,0.836445769645599,0.227840799165788,97.7824239765403,0.581408774437559,0.118590887717187,1.22005538574951,0.289967089481016,0.350504757161197,0.226563350414787,0.112788985159937,0.100179928087147,0.116144886753725,0.231459656826075,0.124008745566233,0.584494412279201,0,100.643735763098,0.749349165427828,0.841610675832022,0.569949135008328,1.0874715261959,37.3866883826879,14.6571134752628,8.47655321143935,7.99834896505256,0.638828814975512,4.23143507972665,549.793097948458,497.909715151307,1046.66423690205,1017.39225512528,924.672892938497,749.570387243736,497.559908883827,2195
"43","ROIID_49",11.3540609813312,19.4881023439555,0.466018080147098,5.2538555805177,0.656443973776972,0.0876600107864748,0.194803642364666,0.0853684637025319,0.372092041697283,0.35417086917873,0.486122977399704,0.241946713169003,0.251409531724597,0.182345658008445,0.619350840686556,0.165308940069525,1.53169443601874,15.8067712712931,1.61867640655766,0.643473755806573,245.273999717482,1.39707640380165,0.238267378919843,1.33968800788816,0.414761397252756,0.506339549524975,0.355085333986077,0.191252976320317,0.153153899950611,0.220697012012183,0.44570943272843,0.196758956851624,1.05082174278503,0,119.683154324477,0.730297676415421,0.865417169283379,0.599466133891281,1.0231769361221,40.1437111362352,15.1205401837492,9.5096814606474,3.6723933917858,0.798762661138019,5.38948558507631,576.272389958567,325.976857555315,1698.20774448841,1705.70491803279,1698.42198982476,1637.39400791408,1355.52656868287,3538
"44","ROIID_5",22.3485127302579,38.6554364958463,1.73550182523622,3.84158812422044,1.35862922717415,0.494655476581716,0.489451813515235,0.148569182847453,0.585380200810069,1.43884103589066,0.650384386931716,0.740746866145636,1.64318789599936,0.725220021782476,1.22513404085231,0.448774408217054,10.5013376326879,18.32074751019,1.69875189985593,0.713007520470705,249.027830541877,3.70030694242552,0.643396550158933,2.20773329772397,2.48249497567241,0.700145129307445,1.10325012453284,0.538338659916511,0.219773606702704,0.677806266607415,0.860947891447934,0.472317388597446,1.94920051022153,0,105.359389895138,0.728288785847136,0.876336767663687,0.602777472028925,1.01620591039085,38.6136167778837,14.8685193623779,9.35163532654431,-2.89910385596066,0.722145148168636,4.72163965681602,582.973094282115,566.836408553985,1018.41229742612,1023.01525262154,984.488560533842,858.353193517636,610.479027645377,2098
"45","ROIID_50",11.0822533467647,18.966573549063,0.463729178041335,5.43843797460956,0.676432378708288,0.0872396221562098,0.186927426857102,0.0818648255539589,0.469393596303133,0.343459523803996,0.411955328363437,0.240542734193525,0.240373729964602,0.183187085053925,0.539897104235557,0.152838081628265,1.73179005316027,14.8346690201478,1.41517212989469,0.619321174937972,194.26688975105,1.20902908572444,0.23503135452693,1.74519770440252,0.415531931545049,0.480179577516457,0.342945631476331,0.192994065692374,0.150577459711765,0.207287703685034,0.518676430724455,0.250686524336864,1.18062387098291,0,109.130866183964,0.734898103667974,0.855470593862397,0.591052487104174,1.03244837758112,39.7540498793242,15.0834429236832,9.31353909508063,1.6288671266724,0.766229279645871,5.14668812013945,476.472876534569,352.911590568196,1785.03218020917,1788.68248860284,1765.10914454277,1642.72941807455,1326.97613301153,3729
"46","ROIID_51",8.10248470464426,13.9285240410303,0.269245393311729,3.59369943659961,0.536699576190613,0.0740728167931393,0.170010011775666,0.0801931130687751,1.1311128274337,1.20422549110767,0.183612986360762,0.269736720598334,0.219235092607478,0.185664273769876,0.224480552759747,0.107608868613787,0.353343236945684,7.75155247425315,0.648769299717243,0.409812373848125,54.6631763502829,0.588189347421444,0.160217988538413,21.6463308463734,0.326338692016316,0.407525069532389,0.349651755538198,0.148215124598582,0.151405612802145,0.38256361564579,0.429837282532678,0.240724957058844,0.959409510962454,0,312.021818181818,0.76556958916101,0.835740971555553,0.565755522380864,1.04181818181818,68.37726,25.0258946381109,14.0292627184655,2.50876029690395,0.712548127816253,4.81454545454545,318.526701158999,556.815255519226,257.952727272727,261.472727272727,253.187272727273,221.507272727273,170.972727272727,550
"47","ROIID_52",6.32452017911322,10.8630839288735,0.381174894602533,1.81217652489214,0.609884708799502,0.209816723712901,0.150866115016171,0.0701493181557185,3.36855587619625,0.585488553904611,0.14526657212083,0.223955648773791,0.242383639397244,0.179631316945028,0.133047136941313,0.0736065165137548,0.54369081707152,4.11610033340629,0.484653020074651,0.239490447706473,28.4325209937645,0.386372849122358,0.107361830898523,22.949965871109,0.27680825727851,0.30488633665066,0.757566724970695,0.188143981300711,0.103249675136417,0.178028431582542,0.456915222558205,0.224851393483377,1.2515892536915,0,773.524725274725,0.797247477944305,0.746577523948984,0.475203543015464,1.32417582417582,117.343914835165,40.0279374445621,20.9927890449775,10.1147708901562,0.393094194547099,3.14835164835165,409.589596249281,525.293029618876,163.771978021978,155.467032967033,119.631868131868,79.8241758241758,51.4945054945055,364
"48","ROIID_53",17.8122962503811,30.4901524704518,1.49591830586934,0.691291063459186,4.51325295611504,0.682087542813756,0.294313047201441,1.07551655833062,0.205937581085385,0.465824145865196,0.672586211767067,0.715171165768103,2.9773426117472,0.302164996572389,0,0,39.6213644370184,15.6192194425245,1.47030193852126,0.355244879907074,247.470057266686,1.16840191616306,2.52732790124468,0.895453884544148,1.9753135732519,0.457873696099047,0.538290917646992,0.766586113078431,0.188690169015128,0.691082461008403,0.445010278245563,0.349763926790113,2.48130878970014,0.986385032670874,83.5450061652281,0.732343610409556,0.884439787786459,0.613961746914578,1.01048088779285,33.5868458692972,13.2343350832781,8.23034267495225,2.06550060756844,0.586510085629252,3.52774352651048,390.883005209819,371.89308869007,787.722564734895,757.187422934649,604.956843403206,382.832922318126,186.722564734895,1622
"49","ROIID_54",10.9678980022146,18.9649134865586,2.8159720075214,1.08375632779128,1.4767063679888,1.5130244689902,0.354143528302694,1.15081514734112,0.232448798383422,1.15085593069265,0.689994914004853,1.02008385109089,3.60787495443571,0.509417549296113,0,0,18.1115050924821,17.3781778045507,1.37669941279168,0.41965767026294,220.441281337997,1.13530643368771,1.29024265051824,0.878526853894712,2.55537938850592,0.473352888778829,0.781490465751372,0.480200064788663,0.197958204165728,0.433654520288342,0.53267891219556,0.41044784116076,2.48414942750221,0.983835771775498,81.3045212765958,0.719183521660946,0.890879262225105,0.621731019490944,1.0093085106383,32.6846742021277,12.8512778075679,8.26047304714748,2.36388130856873,0.602424616489229,3.58776595744681,563.65816426927,368.573205000506,721.47539893617,679.879654255319,564.547872340426,382.706117021277,226.296542553192,1504
"50","ROIID_55",5.56621844249773,9.75884442491414,0.587725461556941,0.594917770718262,1.00278362894873,0.361765099720967,0.218407259672488,1.97315353916973,0.165642434062376,1.29525174652746,0.487698387346322,0.856856617935571,0.4418272447947,0.430592081491116,0,0,4.20826341290471,19.0859447247821,1.22392023569561,0.325534846765857,139.854775550809,0.922351157887753,0.860908070224386,1.2739436533543,1.16373889384042,0.363770462452267,0.312920479405143,0.239084541364624,0.154394815471828,0.280545244578682,0.483619561403199,0.321402647396409,2.55054302588027,0.636848283709568,117.831489361702,0.732812303301852,0.861448863350463,0.594086714841836,1.01021276595745,42.2020791489362,15.8207234251717,9.93097600519038,-2.31579397327435,0.738829200350075,5.00936170212766,282.726569587341,257.145921473656,556.982978723404,558.066382978723,545.188936170213,496.290212765957,397.754893617021,1175
"51","ROIID_56",0,0,0.745944141018692,0.53170738893545,1.36725752119974,0.460190826076864,0.232500752607157,1.84822276521581,0.180873338743485,1.28629908438592,0.855478866569709,1.06226835173863,0.364446622042637,0.576898819761145,0,0,4.67595751716014,32.9534685266019,2.24524095307959,0.5705359448003,322.23035616096,1.84274201856909,1.88734110447829,1.78699583847057,1.01110326857079,0.366400644888192,0.371124624575682,0.272092241615387,0.164050236678222,0.376489059715243,0.603472045415739,0.321483489126746,4.66484905806608,0.926298750700544,93.4198047419805,0.733953304214553,0.86900907471534,0.602162713971239,1.01882845188285,36.3833179916318,14.0639934550935,8.82459872072755,1.55588413204675,0.733569799985872,4.74476987447699,226.08919904629,279.474023161741,686.492329149233,692.794281729428,674.651324965133,606.044630404463,443.141562064156,1434
"52","ROIID_57",1.80101238395574,3.12809042892174,0.533441780634187,1.90651380091708,0.557293798144838,0.591055350036772,0.142390709917309,1.27963937526095,0.117486600715101,0.58185402618326,0.243161898678639,0.696976073075878,0.509960960982301,0.289758201395162,0,0,1.14801347033367,5.89116717735573,0.583198626321561,0.148421075081485,78.2791303088945,0.409856340091442,0.213095724787299,0.507766343719923,0.746172601875697,0.251156310116412,0.214864152498176,0.136635824096913,0.105372983009712,0.178165826390153,0.289863716062439,0.216877979534834,1.74495910117974,0.394127499270304,105.574585635359,0.725420297818276,0.863783006635823,0.596617141095791,1.01602209944751,39.3404640883978,14.9397485388715,9.35089260461532,2.82856307733993,0.646040393468899,4.28839779005525,476.266490230484,310.099100554614,861.702762430939,875.253038674033,833.486740331492,670.570165745856,433.81270718232,1810
"53","ROIID_58",1.9380668806273,3.37361971369248,0.439923760846875,1.77764838354854,1.04216334935021,0.509154405619198,0.123835621889198,1.31528516325938,0.110088773053204,0.755729944799367,0.241128375883254,0.671746085523525,0.485071385681157,0.321393388625464,0,0,0.635755557598935,6.29948482238075,0.551703860952424,0.141777949571425,76.3977264703219,0.409087761246037,0.168677093451594,0.379888056632065,0.678077963213537,0.234224144382992,0.198554161771587,0.114099229958579,0.0931126006220053,0.164459746734354,0.262099676590424,0.205835927093847,1.50122871478242,0.360813801959166,107.544937159118,0.732859278529371,0.863684985933721,0.5933147518742,1.01304244723737,39.7353025847759,15.1197697878523,9.38013638472231,2.47638674084669,0.687256185434952,4.53450320132796,614.52003737487,462.156995054084,2040.95304718995,2008.01588807209,1897.95968698127,1607.57315627223,1087.7087977235,4217
"54","ROIID_59",10.1382449115991,17.6974079372812,1.07180330230891,0.22844896043824,1.30179079528482,0.0936336727114004,0.122856034162918,0.334598596055833,0.105278116227674,0.0905716533537701,0.328098830575386,0.153289126260904,0.135296602118628,0.12325684693386,0,0,0.527842680478724,14.5848568378328,0.996044913657065,0.229533177842606,166.517882743105,0.895145622142847,2.36850646188642,0.523286978582816,0.288344235355025,0.256159429787197,0.198839983233958,0.121971080500975,0.0972020251746506,0.153792030564758,12.4493380296977,0.137216752522187,1.10328043515416,2.07394885814228,110.635553834237,0.729951600031524,0.859831317753332,0.591546170902478,1.01723470178156,40.8734837335399,15.3687340037712,9.73680579430869,1.46564803451338,0.675221061849013,4.72889233152595,479.957117694465,473.596137374161,2506.48237800155,2513.08288148722,2417.36386522076,2093.44364833462,1402.76297443842,5164
"55","ROIID_6",29.3059521726878,50.4692680864459,1.74737501721184,2.2349799024715,1.17229598733982,0.587229329335216,0.443407280844651,0.16020547617329,0.519788571803699,0.732901751212572,0.801768803246481,0.701199201330733,2.72698855862927,0.565798510284335,1.30720252344821,0.4183542742861,26.4284991355855,20.2596487896363,2.09068613484205,0.607028511449611,358.403904931327,3.59731904134196,2.07831214646584,1.14194479633835,2.27505057589997,0.755307905213042,1.22968770529402,0.706324791459293,0.208955954747209,0.422933223804869,0.692264334804522,0.382861832806967,1.42595885101694,0,81.7550911039657,0.713279843006151,0.890571878227732,0.621574901002928,1.0101822079314,32.6979292604502,12.783227339517,8.27282789059837,-0.313529867956946,0.740721727140956,4.68917470525188,615.130051371118,336.740263467452,892.496784565916,895.559485530547,884.704180064309,782.422829581994,560.596998928189,1866
"56","ROIID_60",14.8159494909763,25.9207120419555,1.07342636159744,0.216633609521344,1.94631425847246,0.107547463044465,0.137531275885775,0.451708235206631,0.120216877708663,0.0981696346997965,0.341196562870741,0.166907475588151,0.141366576804491,0.134020328901848,0,0,0.431406048448672,14.6772005713648,1.0038429338918,0.238270676726226,169.412357853806,0.91056052464428,2.45431845123062,0.551352619105566,0.305257981001155,0.293389245939116,0.210269658443184,0.13705751253998,0.110446338301643,0.16219288515097,12.8661436729326,0.150735147198829,1.16291662094865,1.72190788426134,114.769032921811,0.719345886658793,0.869081679410614,0.602512368962744,1.01286008230453,41.0402484567901,15.4732040720038,9.901369912992,1.41839801401378,0.623322742139445,4.21656378600823,491.831366123847,440.156010503308,1887.84053497942,1864.54886831276,1680.13914609053,1334.2600308642,772.315586419753,3888
"57","ROIID_7",16.2603621971125,28.4842522758489,0.681444600069026,2.09560554138341,0.755318993227115,0.302291364897596,0.325621000228373,0.102593489335931,0.619341960159038,0.350458815115517,0.475516075117045,0.43753610655623,1.67752321209156,0.348168345326855,0.733494693922739,0.300666648904092,16.6600663363265,11.6774554574478,1.26250478756869,0.382885820524887,215.482352222046,2.04685584586633,1.12187522156883,2.73212898822639,1.28725168575492,0.475949213729691,0.887960628016161,0.45819896045541,0.158646728444538,0.449152523695142,0.507516033031672,0.241848744658076,1.01679567349775,0,85.301273367651,0.710287473441134,0.885127994576128,0.617454745333222,1.02980222162016,33.7516607965321,13.1597068125782,8.57010420498437,0.354805473778853,0.684062735610926,4.36954754808995,525.988431481549,530.254346298959,1771.83500406394,1727.28095367109,1632.12191817936,1412.48875643457,999.991059333514,3691
"58","ROIID_8",7.58140883810833,13.0479645413759,0.248469971022874,0.626620594376975,0.528573621876659,0.0869947733187101,0.209098617750432,0.0745275257888429,0.129046468034028,1.1127869198155,0.159554724851157,0.224060156538783,0.190923924761212,0.173435056081737,0.297044678477018,0.175019015568035,0.968020865677487,3.31982069441751,0.574083806523617,0.253339411042609,51.4533752010219,3.94693668725407,0.0830651237451432,0.11816647764516,2.06754792325765,0.272722366753102,0.713645821339868,0.169126125481642,0.0957578970692588,0.251224956410317,0.373085621254519,0.326468847622387,0.683331487777928,0,139.167728237792,0.750525906643864,0.810452397875239,0.546090739676336,1.26114649681529,44.96916985138,18.7881787705291,10.4935619399912,-4.95808528492475,0.252320310228006,1.67728237791932,550.537025077268,454.553024458115,183.3991507431,114.212314225053,74.4033970276008,38.3248407643312,13.7537154989384,471
"59","ROIID_9",15.6704548400802,26.8811602434606,1.14325206289632,1.37335515757351,0.772065148668238,0.445560939321602,0.367209641288938,0.103998634706659,0.257455434966823,0.551913281593723,0.446661051582871,0.621555281429327,1.22232335295227,0.517509664248417,0.836389943614594,0.273986675395466,12.7273537392366,11.9030396356,1.11558936911865,0.40130413943848,168.550302999163,2.61533917627077,0.673721921369661,0.355980638739457,1.61043054275787,0.445407022727427,1.18415784693669,0.391737511737992,0.129062257722292,0.297635111354447,0.58816951628692,0.286919850711164,1.05020887631753,0,93.247096092925,0.722175002169524,0.88223058094574,0.612164682373201,1.01795142555438,35.6966124604013,13.8008908628377,8.78112065618887,-1.66553576430975,0.692657974363997,4.40865892291447,501.067566443261,568.852382900479,909.64994720169,901.640971488912,867.314149947202,744.181098204857,518.16631467793,1894
